time,site,link,description,theme
2024-12-15 13:27:32,Lrytas,https://www.lrytas.lt/auto/saugus-eismas/2024/12/15/news/krauju-ir-mirtimi-pazymetoje-vilniaus-vietoje-bijoma-dar-daugiau-tragediju-atskleide-kaip-spres-problema-35551063,"Krauju ir mirtimi pažymėtoje Vilniaus vietoje bijoma dar daugiau tragedijų: atskleidė, kaip spręs problemą ",Auto
2024-12-15 13:27:32,Lrytas,https://www.lrytas.lt/pasaulis/konfliktai-ir-saugumas/2024/12/15/news/karas-ukrainoje-pranesa-apie-nauja-rusu-ataka-ivairiuose-ukrainos-regionuose-paskelbtas-oro-pavojus-35654385,"Karas Ukrainoje. Kas būtų, jei V. Putinas užpultų Europą: parodė galimas Trečiojo pasaulinio karo fronto linijas  (3) ",Pasaulis
2024-12-15 13:27:32,Lrytas,https://www.lrytas.lt/lietuvosdiena/aktualijos/2024/12/15/news/po-konservatoriu-skeciu-pasislepes-rusijos-snipas-atskleide-ka-slepia-suklastota-biografija-35615446,"Po konservatorių skėčiu – pasislėpęs Rusijos šnipas: atskleidė, ką slepia suklastota biografija  (20) ",Lietuvos diena
2024-12-15 13:27:32,Lrytas,https://www.lrytas.lt/lietuvosdiena/nelaimes/2024/12/15/news/nakti-kaune-visiskai-sudege-gyvenamasis-namas-buvo-evakuoti-kaimynai-35665734,"Naktį Kaune visiškai sudegė gyvenamasis namas, buvo evakuoti kaimynai ",Lietuvos diena
2024-12-15 13:27:32,Lrytas,https://www.lrytas.lt/verslas/mano-pinigai/2024/12/15/news/vyras-devynerius-metus-valgo-tai-ka-suranda-konteineriuose-papasakojo-apie-labiausiai-pribloskusius-radinius-35599614,"Vyras devynerius metus valgo tai, ką suranda konteineriuose: papasakojo apie labiausiai pribloškusius radinius  (1) ",Verslas
2024-12-15 13:27:32,Lrytas,https://www.lrytas.lt/bustas/nekilnojamasis-turtas/2024/12/15/news/daugiabuciams-ten-ne-vieta-kaunieciai-pasirenge-kovoti-uz-zaliaji-perla-miesto-centre-35401220,Daugiabučiams ten ne vieta: kauniečiai pasirengę kovoti už žaliąjį perlą miesto centre   ,Būstas
2024-12-15 13:27:32,Lrytas,https://www.lrytas.lt/pasaulis/marga-planeta/2024/12/15/news/buvusi-slaptosios-tarnybos-agente-atskleide-snipu-triuka-kaip-paveikti-zmogu-daugybe-ir-lieka-nesuprate-35459795,"Buvusi Slaptosios tarnybos agentė atskleidė „šnipų triuką“, kaip paveikti žmogų: daugybė ir lieka nesupratę ",Pasaulis
2024-12-15 13:27:32,Lrytas,https://www.lrytas.lt/sportas/startai/2024/12/15/news/danas-rapsys-siaip-ne-taip-prasimuse-i-pasaulio-cempionato-finala-35665289,Danas Rapšys šiaip ne taip prasimušė į pasaulio čempionato finalą ,Sportas
2024-12-15 13:27:32,Lrytas,https://www.lrytas.lt/zmones/veidai-ir-vardai/2024/12/15/news/po-sel-koncerto-kaune-pasipyle-incidentai-6-asmenys-atsidure-policijoje-apvogta-moteris-35665656,"Po SEL koncerto Kaune pasipylė incidentai: 6 asmenys atsidūrė policijoje, apvogta moteris  (1) ",Žmonės
2024-12-15 13:27:32,Lrytas,https://www.lrytas.lt/stilius/karamele/2024/12/15/news/-stikliu-restorane-kaledinis-gurmanu-gildijos-vakaras-sveciai-megavosi-prabangia-vakariene-35664985,„Stiklių“ restorane – kalėdinis Gurmanų gildijos vakaras: svečiai mėgavosi prabangia vakariene  (1) ,Stilius
2024-12-15 13:27:32,Lrytas,https://www.lrytas.lt/zmones/veidai-ir-vardai/2024/12/15/news/editos-mildazytes-namuose-puode-papuosta-kaledine-egle-pamatykite-rezultata-35665225,Editos Mildažytės namuose – puode papuošta kalėdinė eglė: pamatykite rezultatą ,Žmonės
2024-12-15 13:27:32,Lrytas,https://www.lrytas.lt/sveikata/gyvenu-sveikai/2024/12/15/news/akuseris-isvardijo-kas-pagreitina-menopauzes-atejima-35493954,"Akušeris išvardijo, kas pagreitina menopauzės atėjimą  ",Sveikata
2024-12-15 13:27:32,Lrytas,https://www.lrytas.lt/zmones/veidai-ir-vardai/2024/12/14/news/oksana-pikul-reze-visa-tiesa-apie-simo-jasaicio-nesirupinima-sunumi-skolos-toliau-auga--35613630,Oksana Pikul rėžė visą tiesą apie Simo Jasaičio nesirūpinimą sūnumi: „Skolos toliau auga“  (15) ,Žmonės
2024-12-15 13:27:32,Lrytas,https://www.lrytas.lt/bendraukime/isklausykite/2024/12/14/news/plaukai-siausesi-pamacius-ka-merginos-veike-isejusios-is-klubo-cia-jau-virsune--35638706,"Plaukai šiaušėsi pamačius, ką merginos veikė išėjusios iš klubo: „Čia jau viršūnė“  (2) ",Bendraukime
2024-12-15 13:27:32,Lrytas,https://www.lrytas.lt/verslas/mano-pinigai/2024/12/14/news/vardija-ka-lietuviai-sluoja-is-parduotuviu-prekybininkai-jau-pardave-daugiau-nei-100-tonu-sios-prekes-35648930,"Vardija, ką lietuviai šluoja iš parduotuvių – prekybininkai jau pardavė daugiau nei 100 tonų šios prekės  (1) ",Verslas
2024-12-15 13:27:32,Lrytas,https://www.lrytas.lt/sportas/startai/2024/12/14/news/plaukima-ir-takeli-pajutusi-r-meilutyte-netiketai-atvirai-prakalbo-zada-kad-viskas-geres-35661642,"Plaukimą ir takelį pajutusi R. Meilutytė netikėtai atvirai prakalbo: žada, kad viskas gerės  (1) ",Sportas
2024-12-15 13:27:32,Lrytas,https://www.lrytas.lt/lietuvosdiena/kriminalai/2024/12/14/news/nemokesi-negyvensi-gangsteriai-is-lietuvos-tautieciams-ispanijoje-nebuvo-gailestingi-35634851,Nemokėsi – negyvensi: gangsteriai iš Lietuvos tautiečiams Ispanijoje nebuvo gailestingi Atsukam laiką (2) ,Lietuvos diena
2024-12-15 13:27:32,Lrytas,https://www.lrytas.lt/zmones/uzsienio-zvaigzdes/2024/12/14/news/per-nelaiminga-atsitikima-zuvo-mados-tinklo-mango-ikurejas-isakas-andicas-35660194,Per nelaimingą atsitikimą žuvo mados tinklo „Mango“ įkūrėjas Isakas Andicas ,Žmonės
2024-12-15 13:27:32,Lrytas,https://www.lrytas.lt/pasaulis/konfliktai-ir-saugumas/2024/12/14/news/kas-maskvoje-laukia-is-sirijos-pabegusio-b-al-assado-laisveje-ir-prabangoje-nesimaudys-35635606,Kas Maskvoje laukia iš Sirijos pabėgusio B. al-Assado: laisvėje ir prabangoje nesimaudys  (5) ,Pasaulis
2024-12-15 13:27:32,Lrytas,https://www.lrytas.lt/verslas/mano-pinigai/2024/12/14/news/lietuvos-ekonomine-padeti-vertina-net-ir-is-siuksliu-kruvos-nors-jau-isivaizduoja-ka-ten-ras-siemet-syki-teko-nustebti-35616013,"Lietuvos ekonominę padėtį vertina net ir iš šiukšlių krūvos: nors jau įsivaizduoja, ką ten ras šiemet, sykį teko nustebti  (1) ",Verslas
2024-12-15 13:27:32,Lrytas,https://www.lrytas.lt/bendraukime/isklausykite/2024/12/13/news/apie-vaikystes-traumas-prabilusi-ermita-noriu-gelbeti-kitu-mergaiciu-gyvenimus--35614835,Apie vaikystės traumas prabilusi Ermita: „Noriu gelbėti kitų mergaičių gyvenimus“ ,Bendraukime
2024-12-15 13:27:32,Lrytas,https://www.lrytas.lt/kultura/istorija/2024/12/15/news/kadruose-is-praeities-sovietines-nomenklaturos-prabanga-ir-galia-35616024,Kadruose iš praeities – sovietinės nomenklatūros prabanga ir galia ,Kultūra
2024-12-15 13:27:32,Lrytas,https://www.lrytas.lt/skonis/pasigamink/2024/12/15/news/vienas-laukiamiausiu-ziemos-patiekalu-troskinti-rauginto-kopustu-ketvirciai-35080884,Vienas laukiamiausių žiemos patiekalų: troškinti rauginto kopūstų ketvirčiai ,Skonis
2024-12-15 13:27:32,Lrytas,https://www.lrytas.lt/gamta/gamtaorai/2024/12/15/news/sinoptikai-pranesa-sekmadieni-sulauksime-slapdribos-ir-sniego-savaites-pradzioje-pokyciai-35662770,"Sinoptikai praneša: sekmadienį sulauksime šlapdribos ir sniego, savaitės pradžioje – pokyčiai ",Gamta
2024-12-15 13:27:32,Lrytas,https://www.lrytas.lt/gyvenimo-budas/horoskopai/2024/12/15/news/palmira-vakaras-atnes-nusiraminima-bei-susitaikyma-35637104,Palmira: vakaras atneš nusiraminimą bei susitaikymą ,Gyvenimo būdas
2024-12-15 13:27:32,Lrytas,https://www.lrytas.lt/stilius/karamele/2024/12/14/news/-drauges-tv-uzkure-neeilini-ir-karsta-vakareli-atvyko-ir-t-raskevicius-bei-n-bierancas-35663495,​„Draugės TV“ užkūrė neeilinį ir karštą vakarėlį: atvyko ir T. Raskevičius bei N. Bierancas  (8) ,Stilius
2024-12-15 13:27:32,Lrytas,https://www.lrytas.lt/fotogalerijos/unikalios-kaledos-begiu-parke-pamatykite-ledine-kaledu-senelio-stoti-ir-ledo-skulpturas-35660974,Unikalios Kalėdos Bėgių parke: pamatykite ledinę Kalėdų Senelio stotį ir ledo skulptūras ,Lietuvos diena
2024-12-15 13:27:32,Lrytas,https://www.lrytas.lt/auto/rinka/2024/12/14/news/sis-laikas-geriausias-pirkti-naudota-automobili-atskleide-kodel-taip-yra-35503073,"Šis laikas – geriausias pirkti naudotą automobilį: atskleidė, kodėl taip yra  (3) ",Auto
2024-12-15 13:27:32,Lrytas,https://www.lrytas.lt/bustas/architektura/2024/12/14/news/jauna-seima-isikure-gamtos-prieglobstyje-cia-pasistate-jaukius-namus-kuriais-zavisi-kiekvienas-uzsukes-35612220,"Jauna šeima įsikūrė gamtos prieglobstyje: čia pasistatė jaukius namus, kuriais žavisi kiekvienas užsukęs  ",Būstas
2024-12-15 13:27:32,Lrytas,https://www.lrytas.lt/augintinis/suteik-namus/2024/12/14/news/isblesus-poros-meilei-arsus-musis-del-suns-pasimecius-pinigais-viskas-staiga-persikele-i-teisma-35615931,Išblėsus poros meilei – aršus mūšis dėl šuns: pasimėčius pinigais viskas staiga persikėlė į teismą ,Augintinis
2024-12-15 13:27:32,Lrytas,https://www.lrytas.lt/sveikata/gyvenu-sveikai/2024/12/14/news/chirurgas-atskleide-kodel-negeria-alkoholio-tai-atvere-akis-35415769,"Chirurgas atskleidė, kodėl negeria alkoholio: tai atvėrė akis  (1) ",Sveikata
2024-12-15 13:27:32,Lrytas,https://www.lrytas.lt/tevams/vaikai/2024/12/14/news/kosmetikos-pramone-nusitaike-i-nauja-klientu-karta-paklausa-didziule-visose-srityse-31660575,Kosmetikos pramonė nusitaikė į naują klientų kartą: paklausa didžiulė visose srityse ,Tėvams
2024-12-15 13:27:32,Lrytas,https://www.lrytas.lt/it/laboratorija/2024/12/13/news/mokslininkai-issigando-reikalauja-nutraukti-siuo-biologinius-tyrimus-35634822,Mokslininkai išsigando: reikalauja nutraukti šiuos biologinius tyrimus ,It ir mokslas
2024-12-15 13:27:32,Lrytas,https://www.lrytas.lt/lietuvosdiena/aktualijos/2024/12/15/news/po-pasisakymu-apie-rusu-kultura-s-birutis-pasijuto-puolamas-man-atrodo-kad-tai-yra-organizuota-kremliaus-35664846,"Po pasisakymų apie rusų kultūrą Š. Birutis pasijuto puolamas: man atrodo, kad tai yra organizuota Kremliaus  (6) ",Lietuvos diena
2024-12-15 13:27:32,Lrytas,https://www.lrytas.lt/lietuvosdiena/kriminalai/2024/12/15/news/pastaraja-para-vilniaus-rajone-nuzudyta-moteris-o-klaipedos-rajone-vyras-35664038,Pastarąją parą – du nužudymai: Vilniaus ir Klaipėdos rajonuose rasti šiurpių nusikaltimų aukomis tapusių žmonių kūnai ,Lietuvos diena
2024-12-15 13:27:32,Lrytas,https://www.lrytas.lt/lietuvosdiena/aktualijos/2024/12/14/news/politiku-is-uzmarsties-pabudintoje-siurpioje-tragedijoje-ir-pribloskiantys-liudijimai-moters-tevai-negalejo-patiketi-35615910,Politikų iš užmaršties pabudintoje šiurpioje tragedijoje – ir pribloškiantys liudijimai: moters tėvai negalėjo patikėti  (18) ,Lietuvos diena
2024-12-15 13:27:32,Lrytas,https://www.lrytas.lt/lietuvosdiena/nelaimes/2024/12/15/news/per-medziokle-alytaus-rajone-persautas-vyras-35664128,Per medžioklę Alytaus rajone peršautas vyras  (1) ,Lietuvos diena
2024-12-15 13:27:32,Lrytas,https://www.lrytas.lt/lietuvosdiena/nelaimes/2024/12/15/news/marijampoleje-i-ligonine-paguldytos-vaistais-apsinuodijusios-dveju-ir-ketveriu-metu-mergaites-35664130,Marijampolėje į ligoninę paguldytos vaistais apsinuodijusios dvejų ir ketverių metų mergaitės ,Lietuvos diena
2024-12-15 13:27:32,Lrytas,https://www.lrytas.lt/fotogalerijos/vilniuje-legendinis-coca-cola-kaledu-karavanas-uzfiksavo-stebuklinga-magijos-pasauli-jo-viduje-35653921,Vilniuje – legendinis „Coca-Cola“ Kalėdų karavanas: užfiksavo stebuklingą magijos pasaulį jo viduje  (1) ,Lietuvos diena
2024-12-15 13:27:32,Lrytas,https://www.lrytas.lt/lietuvosdiena/aktualijos/2024/12/14/news/mecys-laurinkus-sokas-ir-strateginis-pralaimejimas-rusijai-35615662,Mečys Laurinkus. Šokas ir strateginis pralaimėjimas Rusijai  (4) ,Lietuvos diena
2024-12-15 13:27:32,Lrytas,https://www.lrytas.lt/lietuvosdiena/nelaimes/2024/12/14/news/kaune-avarijomis-pazenklintas-sestadienis-35658754,Kaune – avarijomis paženklintas šeštadienis ,Lietuvos diena
2024-12-15 13:27:32,Lrytas,https://www.lrytas.lt/verslas/mano-pinigai/2024/12/14/news/l-matjosaityte-jeigu-taip-nutiktu-tektu-surasyti-naujo-gyvenimo-scenariju--35599495,"L. Matjošaitytė: „Jeigu taip nutiktų, tektų surašyti naujo gyvenimo scenarijų“  (1) ",Verslas
2024-12-15 13:27:32,Lrytas,https://www.lrytas.lt/verslas/mano-pinigai/2024/12/14/news/si-nelegali-preke-gruodi-ypac-paklausi-skelbia-kiek-pazeideju-jau-ikliuvo-ir-kokios-gresia-baudos-35631434,"Ši nelegali prekė gruodį – ypač paklausi: skelbia, kiek pažeidėjų jau įkliuvo ir kokios gresia baudos ",Verslas
2024-12-15 13:27:32,Lrytas,https://www.lrytas.lt/verslas/mano-pinigai/2024/12/13/news/saules-elektriniu-savininkams-zinia-del-nauju-tarifu-stai-kas-keiciasi-jau-nuo-sausio-35623829,Saulės elektrinių savininkams – žinia dėl naujų tarifų: štai kas keičiasi jau nuo sausio  (4) ,Verslas
2024-12-15 13:27:32,Lrytas,https://www.lrytas.lt/verslas/agro-naujienos/2024/12/15/news/tai-ka-kalba-ukininkas-nieko-gero-nezada-pieno-kainos-sokines-o-pienininku-laukia-nelengvi-laikai-35484482,"Tai, ką kalba ūkininkas, nieko gero nežada: pieno kainos šokinės, o pienininkų laukia nelengvi laikai  (1) ",Verslas
2024-12-15 13:27:32,Lrytas,https://www.lrytas.lt/verslas/mano-pinigai/2024/12/14/news/toks-malonumas-seimai-kainuodavo-nuo-50-iki-140-euru-taciau-siemet-net-ir-noredamas-gali-negauti-35379752,"Toks malonumas šeimai kainuodavo nuo 50 iki 140 eurų, tačiau šiemet net ir norėdamas gali negauti ",Verslas
2024-12-15 13:27:32,Lrytas,https://www.lrytas.lt/verslas/agro-naujienos/2024/12/14/news/jau-prisiekes-ministras-i-hofmanas-apie-tai-kas-slegia-salies-ukininkus-35645636,"Jau prisiekęs ministras I. Hofmanas – apie tai, kas slegia šalies ūkininkus Žada naują žemės ūkio politikos kryptį (2) ",Verslas
2024-12-15 13:27:32,Lrytas,https://www.lrytas.lt/verslas/mano-pinigai/2024/12/13/news/nuo-sausio-brangstant-maistui-zada-priziureti-kainas-megina-suprasti-kaip-keisis-tvarka-35569256,"Nuo sausio brangstant maistui, žada prižiūrėti kainas: mėgina suprasti, kaip keisis tvarka  (3) ",Verslas
2024-12-15 13:27:32,Lrytas,https://www.lrytas.lt/verslas/rinkos-pulsas/2024/12/13/news/-contribee-akcininkai-pardave-visas-valdytas-akcijas-skelbia-kas-isigijo-platforma-35630775,"„Contribee“ akcininkai pardavė visas valdytas akcijas: skelbia, kas įsigijo platformą  ",Verslas
2024-12-15 13:27:32,Lrytas,https://www.lrytas.lt/verslas/rinkos-pulsas/2024/12/13/news/ministru-kabinetas-patikslino-kitu-metu-biudzeta-daugiau-pinigu-atrieks-vsd-zvyrkeliams-neformaliam-mokiniu-krepseliui-35626612,"Ministrų kabinetas patikslino kitų metų biudžetą: atskleidė, kokioms sritims atrieks daugiausia pinigų Biudžetą įvertino ir G. Paluckas (1) ",Verslas
2024-12-15 13:27:32,Lrytas,https://www.lrytas.lt/sportas/futbolas/2024/12/15/news/portugalui-isskirtine-galimybe-anglijoje-35508099,Portugalui – išskirtinė galimybė Anglijoje ,Sportas
2024-12-15 13:27:32,Lrytas,https://www.lrytas.lt/sportas/startai/2024/12/14/news/r-meilutyte-beveik-rekordiniu-greiciu-iplauke-i-pasaulio-cempionato-finala-35658808,R. Meilutytė beveik rekordiniu greičiu įplaukė į pasaulio čempionato finalą  (1) ,Sportas
2024-12-15 13:27:32,Lrytas,https://www.lrytas.lt/sportas/startai/2024/12/13/news/zinute-pries-rusija-pasiuntusi-lietuve-pasalinta-is-funkcinio-sporto-cempionato-35637817,Žinutę prieš Rusiją pasiuntusi lietuvė pašalinta iš funkcinio sporto čempionato ​Kartu pasitraukė visa Lietuvos rinktinė (44) ,Sportas
2024-12-15 13:27:32,Lrytas,https://www.lrytas.lt/sportas/krepsinis/2024/12/15/news/ispudinga-slenksti-perzenges-z-janavicius-apie-pergalinga-metima-kedainiuose-kmt-burtus-ir-zaideja-kuris-labiausiai-pad-35665613,"Įspūdingą slenkstį peržengęs Ž. Janavičius – apie pergalingą metimą Kėdainiuose, KMT burtus ir žaidėją, kuris labiausiai padėtų „Neptūnui“ ",Sportas
2024-12-15 13:27:32,Lrytas,https://www.lrytas.lt/sportas/futbolas/2024/12/14/news/taskai-sudelioti-lietuvos-futbolo-rinktine-jau-zino-kada-zais-pasaulio-cempionato-atrankoje-35654305,"Taškai sudėlioti – Lietuvos futbolo rinktinė jau žino, kada žais pasaulio čempionato atrankoje ",Sportas
2024-12-15 13:27:32,Lrytas,https://www.lrytas.lt/sportas/krepsinis/2024/12/15/news/tapo-aiskus-du-nba-taures-pretendentai-35664356,Tapo aiškūs du NBA taurės pretendentai ,Sportas
2024-12-15 13:27:32,Lrytas,https://www.lrytas.lt/sportas/krepsinis/2024/12/14/news/pianina-i-kamuoli-iskeitusi-g-petronyte-atvirai-kas-pasikeite-baigus-karjera-ir-kodel-negalvoja-apie-vestuves-35599512,Pianiną į kamuolį iškeitusi G. Petronytė atvirai – kas pasikeitė baigus karjerą ir kodėl negalvoja apie vestuves ,Sportas
2024-12-15 13:27:32,Lrytas,https://www.lrytas.lt/sportas/futbolas/2024/12/14/news/desimtyje-likes-liverpool-sugebejo-isplesti-lygiasias-35660972,Dešimtyje likęs „Liverpool“ sugebėjo išplėšti lygiąsias ,Sportas
2024-12-15 13:27:32,Lrytas,https://www.lrytas.lt/sportas/krepsinis/2024/12/14/news/autsaideriu-buves-m-basket-sensacingai-parbloske-panevezio-lietkabelio-kluba-35659363,Autsaideriu buvęs „M Basket“ sensacingai parbloškė Panevėžio „Lietkabelio“ klubą ,Sportas
2024-12-15 13:27:32,Lrytas,https://www.lrytas.lt/pasaulis/konfliktai-ir-saugumas/2024/12/14/news/atskleide-kaip-sirijos-sukileliai-pasieke-pergalinga-operacija-pries-b-al-assado-rezima-ruosesi-ne-vienerius-metus-35653986,"Atskleidė, kaip Sirijos sukilėliai pasiekė pergalingą operaciją prieš B. al-Assado režimą: ruošėsi ne vienerius metus  (2) ",Pasaulis
2024-12-15 13:27:32,Lrytas,https://www.lrytas.lt/pasaulis/konfliktai-ir-saugumas/2024/12/14/news/rusijoje-sunaikintas-naikintuvas-su-30-ir-trys-traukinio-lokomotyvai-pasidalino-vaizdo-irasais-35651380,Rusijoje sunaikintas naikintuvas Su-30 ir trys traukinio lokomotyvai: pasidalino vaizdo įrašais ,Pasaulis
2024-12-15 13:27:32,Lrytas,https://www.lrytas.lt/pasaulis/rytai-vakarai/2024/12/13/news/ivardijo-laimetojus-po-sirijos-rezimo-griuties-idomu-tai-kad-r-t-erdoganas-v-putino-nebijo--35610374,"Įvardijo laimėtojus po Sirijos režimo griūties: „Įdomu tai, kad R. T. Erdoganas V. Putino nebijo“  (3) ",Pasaulis
2024-12-15 13:27:32,Lrytas,https://www.lrytas.lt/pasaulis/ivykiai/2024/12/14/news/kontroversisku-rinkimu-metu-isrinktas-naujas-sakartvelo-prezidentas-35649264,Kontroversiškų rinkimų metu išrinktas naujas Sakartvelo prezidentas: žmonės Tbilisyje išėjo į gatves  (7) ,Pasaulis
2024-12-15 13:27:32,Lrytas,https://www.lrytas.lt/pasaulis/konfliktai-ir-saugumas/2024/12/14/news/ziniasklaida-d-trumpas-svarsto-galimybe-smogti-irano-branduoliniams-objektams-35633501,Žiniasklaida: D. Trumpas svarsto galimybę smogti Irano branduoliniams objektams  (4) ,Pasaulis
2024-12-15 13:27:32,Lrytas,https://www.lrytas.lt/pasaulis/ivykiai/2024/12/14/news/pietu-korejos-parlamentas-nubalsavo-uz-prezidento-nusalinima-35644421,Pietų Korėjos parlamentas nubalsavo už prezidento nušalinimą ,Pasaulis
2024-12-15 13:27:32,Lrytas,https://www.lrytas.lt/pasaulis/ivykiai/2024/12/13/news/itariamas-niujorko-zudikas-l-mangione-paliko-keista-misle-internautai-isgliaude-ka-tai-reiskia-35612760,"Įtariamas Niujorko žudikas L. Mangione paliko keistą mįslę: internautai išgliaudė, ką tai reiškia ",Pasaulis
2024-12-15 13:27:32,Lrytas,https://www.lrytas.lt/pasaulis/konfliktai-ir-saugumas/2024/12/13/news/karas-ukrainoje-is-a-syrskio-nerima-keliantys-pareiskimai-vykstant-intensyviems-musiams-rusija-arteja-prie-strategiskai-35612830,"Po hibridinių Rusijos atakų – ES diplomatų atsakas: skelbia, ko imsis Gruodžio 13-osios įvykiai (6) ",Pasaulis
2024-12-15 13:27:32,Lrytas,https://www.lrytas.lt/pasaulis/konfliktai-ir-saugumas/2024/12/13/news/kremlius-sureagavo-i-skambu-d-trumpo-pareiskima-visiskai-sutinkame-35631745,Kremlius sureagavo į skambų D. Trumpo pareiškimą: visiškai sutinkame  (8) ,Pasaulis
2024-12-15 13:27:32,Lrytas,https://www.lrytas.lt/zmones/uzsienio-zvaigzdes/2024/12/14/news/keira-knightley-prasitare-kad-nebenori-vaiku-del-to-kaltas-vienas-animacinis-serialas-35580808,"Keira Knightley prasitarė, kad nebenori vaikų: dėl to kaltas vienas animacinis serialas ",Žmonės
2024-12-15 13:27:32,Lrytas,https://www.lrytas.lt/zmones/veidai-ir-vardai/2024/12/14/news/atlydejusi-dukra-i-darzelio-svente-simona-bandita-susigraudino-asaros-kaupesi-vos-izengus-i-vidu--35653090,"Atlydėjusi dukrą į darželio šventę, Simona Bandita susigraudino: „Ašaros kaupėsi vos įžengus į vidų“  (2) ",Žmonės
2024-12-15 13:27:32,Lrytas,https://www.lrytas.lt/zmones/veidai-ir-vardai/2024/12/14/news/inga-zuolyte-parode-kaip-per-5-metus-pasikeite-jos-seima-atsirado-nauju-kalediniu-tradiciju--35652007,"Inga Žuolytė parodė, kaip per 5 metus pasikeitė jos šeima: „Atsirado naujų kalėdinių tradicijų“ ",Žmonės
2024-12-15 13:27:32,Lrytas,https://www.lrytas.lt/zmones/uzsienio-zvaigzdes/2024/12/14/news/po-kovos-su-veziu-catherine-middleton-grizta-kitokia-tai-tyla-pries-audra--35631199,Po kovos su vėžiu Catherine Middleton grįžta kitokia: „Tai – tyla prieš audrą“ ,Žmonės
2024-12-15 13:27:32,Lrytas,https://www.lrytas.lt/zmones/tv-antena/2024/12/14/news/lnk-sou-kaukes-atidengta-lasiniu-kauke-po-ja-slepesi-43-kilogramu-atsikraciusi-scenos-legenda-35662556,LNK šou „Kaukės“ atidengta Lašinių kaukė – po ja slėpėsi 43 kilogramų atsikračiusi scenos legenda ,Žmonės
2024-12-15 13:27:32,Lrytas,https://www.lrytas.lt/zmones/tv-antena/2024/12/15/news/benas-aleksandravicius-su-a-mamontovu-atidare-lietuvos-balso-nokautus-ant-koju-pakele-visa-arena-35665876,Benas Aleksandravičius su A. Mamontovu atidarė „Lietuvos balso“ nokautus: ant kojų pakėlė visą areną ,Žmonės
2024-12-15 13:27:32,Lrytas,https://www.lrytas.lt/zmones/tv-antena/2024/12/15/news/jauniausiai-x-faktoriaus-dalyvei-viltei-netiketos-naujienos-tokios-prabangos-as-dabar-neturiu--35665848,Jauniausiai „X faktoriaus“ dalyvei Viltei – netikėtos naujienos: „Tokios prabangos aš dabar neturiu“ ,Žmonės
2024-12-15 13:27:32,Lrytas,https://www.lrytas.lt/zmones/veidai-ir-vardai/2024/12/13/news/o-pikul-pirma-karta-atvirai-apie-skyrybas-ir-santykius-su-v-akramaviciumi-pavargau--35613389,O. Pikul pirmą kartą atvirai – apie skyrybas ir  santykius su V. Akramavičiumi: „Pavargau“  (8) ,Žmonės
2024-12-15 13:27:32,Lrytas,https://www.lrytas.lt/zmones/muzika/2024/12/14/news/prezidenturos-kieme-koncertuos-vokietijos-karinio-orkestro-puciamuju-ansamblis-35655179,Prezidentūros kieme koncertuos Vokietijos karinio orkestro pučiamųjų ansamblis  (4) ,Žmonės
2024-12-15 13:27:32,Lrytas,https://www.lrytas.lt/sveikata/gyvenu-sveikai/2024/12/13/news/57-eriu-gydytoja-atskleide-kaip-stiprina-kaulus-tai-laimingos-senatves-receptas-35453337,"57-erių gydytoja atskleidė, kaip stiprina kaulus: tai – laimingos senatvės receptas  (1) ",Sveikata
2024-12-15 13:27:32,Lrytas,https://www.lrytas.lt/sveikata/ligos-ir-gydymas/2024/12/13/news/gyvenimo-kokybe-blogina-labiau-nei-onkologines-ligos-kencia-kas-trecias-vyresnio-amziaus-gyventojas-35595541,Gyvenimo kokybę blogina labiau nei onkologinės ligos: kenčia kas trečias vyresnio amžiaus gyventojas ,Sveikata
2024-12-15 13:27:32,Lrytas,https://www.lrytas.lt/sveikata/medicinos-zinios/2024/12/13/news/medikai-stebisi-naujosios-vyriausybes-abejingumu-sirdies-ir-kraujagysliu-ligu-prevencijai-kreipsis-i-valdzios-institucijas-35632616,Medikai stebisi naujosios Vyriausybės abejingumu širdies ir kraujagyslių ligų prevencijai: kreipsis į valdžios institucijas ,Sveikata
2024-12-15 13:27:32,Lrytas,https://www.lrytas.lt/augintinis/suteik-namus/2024/12/13/news/-gyvunas-ne-daiktas-ir-ne-dovana-atskleide-ka-daryti-jei-vaikas-kaledoms-praso-suniuko-ir-kaciuko-35607003,"„Gyvūnas ne daiktas ir ne dovana“: atskleidė, ką daryti, jei vaikas Kalėdoms prašo šuniuko ir kačiuko ",Augintinis
2024-12-15 13:27:32,Lrytas,https://www.lrytas.lt/augintinis/prieziura/2024/12/12/news/is-kinologu-suns-vedlio-parengimo-paslaptys-aiskeja-kam-atiteks-pirmas-lietuvoje-paruostas-keturkojis-pagalbininkas-35606772,"Iš kinologų – šuns vedlio parengimo paslaptys: aiškėja, kam atiteks pirmas Lietuvoje paruoštas keturkojis pagalbininkas ",Augintinis
2024-12-15 13:27:32,Lrytas,https://www.lrytas.lt/augintinis/prieziura/2024/12/11/news/klaipedos-rajone-kraupi-nelaime-uzsidege-vagonelis-prieglaudoje-zuvo-ir-dalis-gyvunu-35591228,"Klaipėdos rajone – kraupi nelaimė: užsidegė vagonėlis prieglaudoje, žuvo ir dalis gyvūnų ",Augintinis
2024-12-15 13:27:32,Lrytas,https://www.lrytas.lt/augintinis/pamatyk/2024/12/10/news/kodel-kates-trinasi-i-kampus-nustatytos-4-galimos-priezastys-34398149,Kodėl katės trinasi į kampus: nustatytos 4 galimos priežastys ,Augintinis
2024-12-15 13:27:32,Lrytas,https://www.lrytas.lt/bustas/nekilnojamasis-turtas/2024/12/15/news/dilema-teisme-kas-turi-paveldeti-virsuliskese-gaisra-ir-sprogima-sukelusio-vyro-buta-35665737,Dilema teisme: kas turi paveldėti Viršuliškėse gaisrą ir sprogimą sukėlusio vyro butą ,Būstas
2024-12-15 13:27:32,Lrytas,https://www.lrytas.lt/bustas/nekilnojamasis-turtas/2024/12/15/news/gyventojus-baudzia-graziai-praso-bet-prie-namo-vis-tiek-neprivaziuoja-per-tykancias-kliutis-kyla-baisios-pasekmes-35507986,"Gyventojus baudžia, gražiai prašo, bet prie namo vis tiek neprivažiuoja: per tykančias kliūtis kyla baisios pasekmės  (1) ",Būstas
2024-12-15 13:27:32,Lrytas,https://www.lrytas.lt/bustas/pasidaryk-pats/2024/12/14/news/kur-namuose-laikyti-fikusa-kad-nepradetu-kristi-lapai-tokia-aplinka-jam-geriausia-35625892,"Kur namuose laikyti fikusą, kad nepradėtų kristi lapai: tokia aplinka jam – geriausia ",Būstas
2024-12-15 13:27:32,Lrytas,https://www.lrytas.lt/gamta/fauna/2024/12/14/news/europoje-dar-viena-pavojinga-sirsiu-zudikiu-rusis-entomologas-atsake-ar-jos-gali-pasiekti-ir-lietuva-35638144,"Europoje – dar viena pavojinga „širšių žudikių“ rūšis: entomologas atsakė, ar jos gali pasiekti ir Lietuvą ",Gamta
2024-12-15 13:27:32,Lrytas,https://www.lrytas.lt/gamta/eko/2024/12/14/news/karta-ir-visiems-laikams-pasake-ar-tikra-eglute-aplinkai-isties-draugiskesne-uz-dirbtine-35638142,"Kartą ir visiems laikams: pasakė, ar tikra eglutė aplinkai išties draugiškesnė už dirbtinę ",Gamta
2024-12-15 13:27:32,Lrytas,https://www.lrytas.lt/gamta/gamtaorai/2024/12/14/news/oru-misraine-savaitgali-kai-kur-gali-kilti-net-puga-taciau-jau-greit-staigus-pokyciai-35637558,"Orų mišrainė: savaitgalį kai kur gali kilti net pūga, tačiau jau greit – staigūs pokyčiai ",Gamta
2024-12-15 13:27:32,Lrytas,https://www.lrytas.lt/gamta/flora/2024/12/13/news/uz-sunaikinta-misko-paklote-klaipedos-rajono-gyventojui-teks-pakloti-beveik-29-tukst-euru-35635620,Už sunaikintą miško paklotę Klaipėdos rajono gyventojui teks pakloti beveik 29 tūkst. eurų ,Gamta
2024-12-15 13:27:32,Lrytas,https://www.lrytas.lt/bendraukime/man-rupi/2024/12/12/news/pareigune-atskleide-liudna-realybe-nesuprantu-kodel-vadovu-akys-yra-uzmerktos--35614352,Vilniaus policijos komisariate dirbanti pareigūnė prabilo apie liūdną realybę: „Problema yra ne atlyginimas“  (2) ,Bendraukime
2024-12-15 13:27:32,Lrytas,https://www.lrytas.lt/bendraukime/isklausykite/2024/12/11/news/balyje-apsigyvenusi-viktorija-atvykusiems-pataria-bendrauti-su-vietiniais-ne-su-pardavejais-paaiskino-kodel-35599891,"Balyje apsigyvenusi Viktorija atvykusiems pataria bendrauti su vietiniais, ne su pardavėjais – paaiškino, kodėl ",Bendraukime
2024-12-15 13:27:32,Lrytas,https://www.lrytas.lt/bendraukime/isklausykite/2024/12/10/news/tokio-sutikimo-populiarioje-parduotuveje-nesitikejo-numetusi-drabuzius-isejo-lauk-nebekelsiu-ten-kojos--35524603,Tokio sutikimo populiarioje parduotuvėje nesitikėjo – numetusi drabužius išėjo lauk: „Nebekelsiu ten kojos“  (18) ,Bendraukime
2024-12-15 13:27:32,Lrytas,https://www.lrytas.lt/gyvenimo-budas/likimai/2024/12/14/news/mire-sirdi-spaudziancia-savo-gyvenimo-istorija-papasakojes-martynas-mokejes-dekoti-aplinkiniams-ir-dziaugtis-smulkmenomis-35652729,"Mirė širdį spaudžiančią savo gyvenimo istoriją papasakojęs Martynas, mokėjęs dėkoti aplinkiniams ir džiaugtis smulkmenomis ",Gyvenimo būdas
2024-12-15 13:27:32,Lrytas,https://www.lrytas.lt/gyvenimo-budas/horoskopai/2024/12/15/news/palmiros-horoskopas-sekmadieniui-gruodzio-15-d--35637106,"Palmiros horoskopas sekmadieniui, gruodžio 15 d. ",Gyvenimo būdas
2024-12-15 13:27:32,Lrytas,https://www.lrytas.lt/gyvenimo-budas/horoskopai/2024/12/14/news/didysis-palmiros-horoskopas-2025-m-mergeliu-laukia-svarbus-metai-pastangas-vainikuos-sekme-35636136,Didysis Palmiros horoskopas 2025 m.: Mergelių laukia svarbūs metai – pastangas vainikuos sėkmė ,Gyvenimo būdas
2024-12-15 13:27:32,Lrytas,https://www.lrytas.lt/gyvenimo-budas/horoskopai/2024/12/14/news/palmira-esame-kupini-jegu-ir-galime-nemazai-nuveikti-35637026,Palmira: esame kupini jėgų ir galime nemažai nuveikti ,Gyvenimo būdas
2024-12-15 13:27:32,Lrytas,https://www.lrytas.lt/tevams/vaikai/2024/12/13/news/apsinuodijimas-maistu-vaistininke-perspejo-ko-jokiu-budu-neduoti-serganciam-vaikui-35609060,"Apsinuodijimas maistu: vaistininkė perspėjo, ko jokiu būdu neduoti sergančiam vaikui  ",Tėvams
2024-12-15 13:27:32,Lrytas,https://www.lrytas.lt/tevams/vaikai/2024/12/12/news/dalinkimes-kaledu-dziaugsmu-kartu-sos-vaiku-kaimai-lietuva-ir-kotryna-group-kviecia-dovanoti-kaledini-stebukla-35611291,Dalinkimės Kalėdų džiaugsmu kartu: SOS vaikų kaimai Lietuva ir „Kotryna Group“ kviečia dovanoti kalėdinį stebuklą ,Tėvams
2024-12-15 13:27:32,Lrytas,https://www.lrytas.lt/tevams/vaikai/2024/12/12/news/vaiku-ir-paaugliu-psichiatre-valgymo-sutrikimas-ne-tik-alina-kuna-bet-gali-vesti-ir-i-savizudybe-35608647,"Vaikų ir paauglių psichiatrė: valgymo sutrikimas ne tik alina kūną, bet gali vesti ir į savižudybę ",Tėvams
2024-12-15 13:27:32,Lrytas,https://www.lrytas.lt/tevams/vaikai/2024/12/11/news/-vaikams-viltis-planetai-svara-surinkta-daugiau-nei-4700-euru-sergantiems-vaikams-35599040,"„Vaikams – viltis, planetai – švara“: surinkta daugiau nei 4700 eurų sergantiems vaikams ",Tėvams
2024-12-15 13:27:32,Lrytas,https://www.lrytas.lt/it/dirbtinis-intelektas/2024/12/14/news/ateities-parduotuves-be-eiliu-ir-kasininku-atskleide-kaip-dirbtinis-intelektas-keis-prekyba-35645450,"Ateities parduotuvės – be eilių ir kasininkų? Atskleidė, kaip dirbtinis intelektas keis prekybą ",It ir mokslas
2024-12-15 13:27:32,Lrytas,https://www.lrytas.lt/it/visata/2024/12/15/news/turi-itikinama-versija-kas-sukelia-paslaptingus-greitus-radijo-bangu-pliupsnius-kosmose-35547807,"Turi įtikinamą versiją, kas sukelia paslaptingus greitus radijo bangų pliūpsnius kosmose ",It ir mokslas
2024-12-15 13:27:32,Lrytas,https://www.lrytas.lt/it/ismanyk/2024/12/14/news/kursiu-nerijos-istorijos-idomybes-kursiai-kursininkai-ir-seniausia-europoje-nepakitusi-siena-35573057,"Kuršių nerijos istorijos įdomybės: kuršiai, kuršininkai ir seniausia Europoje nepakitusi siena ",It ir mokslas
2024-12-15 13:27:32,Lrytas,https://www.lrytas.lt/it/laboratorija/2024/12/14/news/stai-galbut-kodel-moterys-reciau-uzsikrecia-infekcijomis-bet-dazniau-serga-autoimuninemis-ligomis-35499378,"Štai galbūt kodėl moterys rečiau užsikrečia infekcijomis, bet dažniau serga autoimuninėmis ligomis ",It ir mokslas
2024-12-15 13:27:32,Lrytas,https://www.lrytas.lt/stilius/atvirai/2024/12/14/news/kai-isgirdo-kad-serga-4-stadijos-kruties-veziu-j-jankute-isvaziavo-i-dukters-mokykla-suklupau--35464261,"Kai išgirdo, kad serga 4 stadijos krūties vėžiu, J. Jankutė išvažiavo į dukters mokyklą: „Suklupau“ ",Stilius
2024-12-15 13:27:32,Lrytas,https://www.lrytas.lt/stilius/karamele/2024/12/14/news/d-trumpas-stiliaus-neplanuoja-keisti-ir-sia-kadencija-ikoniskas-ivaizdis-ikvepe-net-parodijas-35152193,D. Trumpas stiliaus neplanuoja keisti ir šią kadenciją: ikoniškas įvaizdis įkvėpė net parodijas  (1) ,Stilius
2024-12-15 13:27:32,Lrytas,https://www.lrytas.lt/stilius/karamele/2024/12/13/news/kalediniu-dovanu-gidas-artimiesiems-draugams-ir-kolegoms-35625000,"Kalėdinių dovanų gidas artimiesiems, draugams ir kolegoms ",Stilius
2024-12-15 13:27:32,Lrytas,https://www.lrytas.lt/auto/saugus-eismas/2024/12/14/news/vilnius-tampa-sunkiai-pravaziuojamu-miestu-po-juodojo-pirmadienio-iesko-budu-kaip-sostine-isvaduoti-nuo-spusciu-35598111,"Vilnius tampa sunkiai pravažiuojamu miestu: po „juodojo pirmadienio“ ieško būdų, kaip sostinę išvaduoti nuo spūsčių  (10) ",Auto
2024-12-15 13:27:32,Lrytas,https://www.lrytas.lt/fotogalerijos/prie-prekybos-centru-jau-driekiasi-eiles-kadruose-vilniuje-susiformavusios-spustys-35650997,Prie prekybos centrų jau driekiasi eilės: kadruose – Vilniuje susiformavusios spūstys ,Auto
2024-12-15 13:27:32,Lrytas,https://www.lrytas.lt/auto/technika/2024/12/13/news/naudoto-skoda-scala-2019-m-testas-geriausias-nebrangaus-automobilio-pasirinkimas-nebijantiems-stereotipu-35598283,Naudoto „Škoda Scala“ (2019 m.) testas: geriausias nebrangaus automobilio pasirinkimas nebijantiems stereotipų ,Auto
2024-12-15 13:27:32,Lrytas,https://www.lrytas.lt/skonis/mitybos-abc/2024/12/14/news/12-kilogramu-atsikrate-net-nepakeitus-savo-saldytuvo-turinio-valgiau-skaniai-ir-sociai--35635616,12 kilogramų atsikratė net nepakeitus savo šaldytuvo turinio: „Valgiau skaniai ir sočiai“ ,Skonis
2024-12-15 13:27:32,Lrytas,https://www.lrytas.lt/skonis/pasigamink/2024/12/14/news/sokolado-morengo-ir-griliazo-tortas-sis-grazuolis-papuos-jusu-kaledu-stala-35584137,"Šokolado, morengo ir griliažo tortas: šis gražuolis papuoš jūsų Kalėdų stalą ",Skonis
2024-12-15 13:27:32,Lrytas,https://www.lrytas.lt/skonis/pasigamink/2024/12/14/news/-maximoje-juokingos-kainos-kaledu-stalui-dalinasi-populiaraus-deserto-receptu-kuris-nustebins-svecius-35613601,"„Maximoje“ – juokingos kainos Kalėdų stalui: dalinasi populiaraus deserto receptu, kuris nustebins svečius ",Skonis
2024-12-15 13:27:32,Lrytas,https://www.lrytas.lt/skonis/pasigamink/2024/12/13/news/savaitgalio-akcentas-su-lidl-bulviniai-blynai-ir-egzotiska-vistiena-35635946,Savaitgalio akcentas su „Lidl“: bulviniai blynai ir egzotiška vištiena ,Skonis
2024-12-15 13:27:32,Lrytas,https://www.lrytas.lt/kultura/scena/2024/12/15/news/filharmonijos-publika-uzbure-i-vilniu-vel-grize-signum-saksofonininkai-ir-nacionalinis-simfoninis-orkestras-35664882,Filharmonijos publiką užbūrė į Vilnių vėl grįžę „Signum“ saksofonininkai ir Nacionalinis simfoninis orkestras ,Kultūra
2024-12-15 13:27:32,Lrytas,https://www.lrytas.lt/kultura/istorija/2024/12/14/news/is-a-bumblausko-grieztas-kirtis-del-rusiskos-kulturos-kai-ukraina-kraujuoja-nera-ko-reiksti-meile-v-putino-dirigentams-35645642,"Iš A. Bumblausko – griežtas kirtis dėl rusiškos kultūros: kai Ukraina kraujuoja, nėra ko reikšti meilę V. Putino dirigentams  (8) ",Lietuvos diena
2024-12-15 13:27:32,Lrytas,https://www.lrytas.lt/kultura/literatura/2024/12/13/news/tautosakos-paveldo-issaugojimas-parengta-nauja-knyga-35636319,Tautosakos paveldo išsaugojimas – parengta nauja knyga ,Kultūra
2024-12-15 13:27:32,Lrytas,https://www.lrytas.lt/kultura/meno-pulsas/2024/12/13/news/iteikti-lietuvos-kinematografininku-sajungos-lukas-apdovanojimai-35631425,Įteikti Lietuvos kinematografininkų sąjungos „LuKaS“ apdovanojimai ,Kultūra
2024-12-15 13:27:32,Lrytas,https://www.lrytas.lt/verslas/rinkos-pulsas/2024/12/13/news/leonardas-marcinkevicius-ecb-toliau-mazina-palukanas-taciau-infliacijos-gniauztai-dar-ne-praeity-35633933,"Leonardas Marcinkevičius. ECB toliau mažina palūkanas, tačiau infliacijos gniaužtai – dar ne praeity ",Verslas
2024-12-15 13:27:32,Lrytas,https://www.lrytas.lt/lietuvosdiena/aktualijos/2024/12/10/news/kestutis-kvaraciejus-kodel-baigianti-kadencija-vyriausybe-turi-atsiskaityti-uz-savo-programa-demokratijos-testas-kurio-ne-35590356,"Kęstutis Kvaraciejus. Kodėl baigianti kadenciją Vyriausybė turi atsiskaityti už savo programą: demokratijos testas, kurio negalime ignoruoti  (1) ",Lietuvos diena
2024-12-15 13:27:32,Lrytas,https://www.lrytas.lt/verslas/rinkos-pulsas/2024/12/06/news/trukusi-verslininko-kantrybe-valdzios-aparate-bent-trumpam-sukele-zemes-drebejima-35512003,Trūkusi verslininko kantrybė valdžios aparate bent trumpam sukėlė žemės drebėjimą  (1) ,Verslas
2024-12-15 13:27:32,Lrytas,https://www.lrytas.lt/lietuvosdiena/aktualijos/2024/11/29/news/saulius-spurga-hanibalas-prie-vartu--35414765,Saulius Spurga. Hanibalas prie vartų! ,Lietuvos diena
2024-12-15 13:27:32,Lrytas,https://www.lrytas.lt/verslas/rinkos-pulsas/2024/11/17/news/europos-padetis-atrodo-nepavydetina-bet-lietuva-siuo-atveju-gali-ir-islosti-35167268,"Europos padėtis atrodo nepavydėtina, bet Lietuva šiuo atveju gali ir išlošti ",Verslas
2024-12-15 13:27:32,Lrytas,https://www.lrytas.lt/english/politics/2024/12/13/news/kubilius-on-the-morning-in-the-shelter-this-is-one-of-russia-s-biggest-missile-attacks--35637315,"Kubilius, on the morning in the shelter: „This is one of Russia's biggest missile attacks“ ",Lrytas.en
2024-12-15 13:27:32,Lrytas,https://www.lrytas.lt/english/business-tribune/2024/12/12/news/citus-projects-munai-by-citus-early-start-of-the-second-phase-updated-project-exhibition-and-a-free-art-exhibition-by-ar-35612759,"Citus projects: Mūnai by CITUS – early start of the second phase, updated project exhibition and a free art exhibition by artist Gia Ram ",Lrytas.en
2024-12-15 13:27:32,Lrytas,https://www.lrytas.lt/english/politics/2024/12/12/news/protest-and-outrage-over-the-nemuno-ausra-minister-in-front-of-the-presidential-palace-you-can-no-longer-trust-the-preside-35608904,Protest and outrage over the Nemuno Aušra Minister in front of the Presidential Palace: „You can no longer trust the presidential institution“ ,Lrytas.en
2024-12-15 13:27:32,Lrytas,https://www.lrytas.lt/english/politics/2024/12/12/news/nauseda-announces-verdict-on-nemuno-ausra-ministerial-candidates-35605245,Nausėda announces verdict on Nemuno Aušra ministerial candidates ,Lrytas.en
2024-12-15 13:27:32,Lrytas,https://www.lrytas.lt/english/politics/2024/12/10/news/the-suspected-spy-is-still-a-member-of-the-conservative-party-he-was-also-in-contact-with-morkunaite-mikuleniene-35572020,The suspected spy is still a member of the Conservative Party; he was also in contact with Morkūnaitė-Mikulėnienė ,Lrytas.en
2024-12-15 13:27:32,Delfi,https://www.delfi.lt/gyvenimas/istorijos/palanga-piratu-miestas-istorija-apie-tai-kaip-vykdavo-plesikavimai-baltijos-juroje-120071105,"Palanga – piratų miestas? Istorija apie tai, kaip vykdavo plėšikavimai Baltijos jūroje  ",Gyvenimas
2024-12-15 13:27:32,Delfi,https://www.delfi.lt/verslas/verslas/austriskas-kaledines-muges-aplankiusi-vilniete-liko-nustebusi-galvojau-kad-kainos-mane-isgasdins-120071521,"Austriškas kalėdines muges aplankiusi vilnietė liko nustebusi: galvojau, kad kainos mane išgąsdins  ",Verslas
2024-12-15 13:27:32,Delfi,https://www.delfi.lt/sportas/kitos-sporto-sakos/kaip-suomijoje-jaunimo-sirdis-uzkariavusi-pramoga-savo-vieta-randa-ir-lietuvoje-120072278,Kaip Suomijoje jaunimo širdis užkariavusi pramoga savo vietą randa ir Lietuvoje  ,Sportas
2024-12-15 13:27:32,Delfi,https://www.delfi.lt/sveikata/odontologija/nurode-gana-netiketa-priezasti-kodel-lietuviu-burnos-sveikata-prastesne-nei-skandinavu-zmones-del-to-net-vengia-taisytis-dantis-120071936,"Nurodė gana netikėtą priežastį, kodėl lietuvių burnos sveikata prastesnė nei skandinavų: žmonės dėl to net vengia taisytis dantis  ",Sveikata
2024-12-15 13:27:32,Delfi,https://www.delfi.lt//news/daily/world/jungtiniu-tautu-pasiuntinys-atvyko-i-sirija-120072319,Jungtinių Tautų pasiuntinys atvyko į Siriją  ,Užsienyje
2024-12-15 13:27:32,Delfi,https://www.delfi.lt/kaledos/naujienos/orijus-gasanovas-keliauja-apziureti-12-lietuvos-miestu-egliu-tiesiogiai-is-kauno-120072317,Orijus Gasanovas keliauja apžiūrėti 12 Lietuvos miestų eglių: tiesiogiai iš Kauno  ,Kalėdos
2024-12-15 13:27:32,Delfi,https://www.delfi.lt//news/daily/world/smurtas-migrantu-stovykloje-prancuzijoje-nuo-suviu-zuvo-penki-asmenys-120072313,Smurtas migrantų stovykloje Prancūzijoje: nuo šūvių žuvo penki asmenys  ,Užsienyje
2024-12-15 13:27:32,Delfi,https://www.delfi.lt/maistas/produktu-apzvalgos/13-ziviles-patiekalu-kucioms-patenkinti-bus-ir-grieztas-tradicijas-gerbiantys-ir-ieskantys-kompromisinio-varianto-120071940,"13 Živilės patiekalų Kūčioms – patenkinti bus ir griežtas tradicijas gerbiantys, ir ieškantys kompromisinio varianto (1) ",Maistas
2024-12-15 13:27:32,Delfi,https://www.delfi.lt//news/daily/law/dilema-teisme-kas-turi-paveldeti-virsuliskese-gaisra-ir-sprogima-sukelusio-vyro-buta-120072315,Dilema teisme: kas turi paveldėti Viršuliškėse gaisrą ir sprogimą sukėlusio vyro butą  ,Teisė
2024-12-15 13:27:32,Delfi,https://www.delfi.lt/sportas/kitos-sporto-sakos/murdock-dziaugesi-puikia-patirtimi-o-plytnykaite-krimtosi-del-per-letos-pradzios-120072311,"Murdock džiaugėsi puikia patirtimi, o Plytnykaitė krimtosi dėl per lėtos pradžios  ",Sportas
2024-12-15 13:27:32,Delfi,https://www.delfi.lt/veidai/eteris/lietuvos-balse-suzibejusiai-septyniolikmetei-patricijai-beno-aleksandraviciaus-patarimai-savo-skura-reikia-augintis-paciam-120072312,„Lietuvos balse“ sužibėjusiai septyniolikmetei Patricijai – Beno Aleksandravičiaus patarimai: savo „skūrą“ reikia augintis pačiam  ,Veidai
2024-12-15 13:27:32,Delfi,https://www.delfi.lt/gyvenimas/namai/garsus-tinklarastininkas-vilpisauskas-receptai-skaniai-gaminti-neismokys-120072070,Garsus tinklaraštininkas Vilpišauskas: receptai skaniai gaminti neišmokys  ,Gyvenimas
2024-12-15 13:27:32,Delfi,https://www.delfi.lt/keliones/naujienos/apie-keliones-privaciais-lektuvais-kas-naudojasi-kokie-turtinguju-pageidavimai-ir-kodel-teko-skraidinti-liuta-120070103,"Apie keliones privačiais lėktuvais: kas naudojasi, kokie turtingųjų pageidavimai ir kodėl teko skraidinti liūtą  ",Kelionės
2024-12-15 13:27:32,Delfi,https://www.delfi.lt//news/daily/world/popiezius-pranciskus-lankosi-korsikoje-120072309,Popiežius Pranciškus lankosi Korsikoje  ,Užsienyje
2024-12-15 13:27:32,Delfi,https://www.delfi.lt/auto/patarimai/troleibuse-keleiviu-gincas-del-keisto-geltono-objekto-kam-jis-skirtas-120072277,Troleibuse – keleivių ginčas dėl keisto geltono objekto: kam jis skirtas?  (4)   36 ,Auto
2024-12-15 13:27:32,Delfi,https://www.delfi.lt//news/daily/world/pirmoji-pragaro-dama-prie-glamurinio-gyvenimo-ipratusiai-asmai-al-assad-gedingas-pazeminimas-120071395,„Pirmoji pragaro dama“: prie glamūrinio gyvenimo įpratusiai Asmai al Assad – gėdingas pažeminimas (10) ,Užsienyje
2024-12-15 13:27:32,Delfi,https://www.delfi.lt//news/daily/lithuania/padaugejo-gyventoju-mananciu-kad-padetis-lietuvoje-gereja-120072307,"Padaugėjo gyventojų manančių, kad padėtis Lietuvoje gerėja (1) ",Lietuvoje
2024-12-15 13:27:32,Delfi,https://www.delfi.lt/veidai/muzika/sel-koncerte-kurtinancios-ovacijos-22-tukst-zmoniu-ir-simboliskas-gestas-ukrainai-120072297,"„SEL“ koncerte – kurtinančios ovacijos, 22 tūkst. žmonių ir simboliškas gestas Ukrainai (5)   228 ",Veidai
2024-12-15 13:27:32,Delfi,https://www.delfi.lt/sportas/kitos-sporto-sakos/per-plauka-i-finala-isokes-rapsys-vakare-reikes-plaukti-greiciau-120072299,Per plauką į finalą įšokęs Rapšys: vakare reikės plaukti greičiau    121 ,Sportas
2024-12-15 13:27:32,Delfi,https://www.delfi.lt//news/daily/crime/praejusia-para-salyje-rasti-septyni-mirusiu-zmoniu-kunai-120072304,Praėjusią parą šalyje rasti septyni mirusių žmonių kūnai (1) ,Kriminalai ir nelaimės
2024-12-15 13:27:32,Delfi,https://www.delfi.lt//news/daily/politics/apklausa-lapkricio-menesi-ugtelejo-pasitikejimas-vyriausybe-ir-seimu-120072303,Apklausa: lapkričio mėnesį ūgtelėjo pasitikėjimas Vyriausybe ir Seimu  ,Politika
2024-12-15 13:27:32,Delfi,https://www.delfi.lt//news/daily/politics/po-pasisakymu-apie-rusu-kultura-birutis-pasijuto-puolamas-man-atrodo-kad-tai-yra-organizuota-kremliaus-120072301,"Po pasisakymų apie rusų kultūrą Birutis pasijuto puolamas: man atrodo, kad tai yra organizuota Kremliaus (2) ",Politika
2024-12-15 13:27:32,Delfi,https://www.delfi.lt//news/daily/crime/dvylikaaukscio-gyventojus-kaune-uzliejo-vanduo-pranesama-apie-atsukta-priesgaisrini-ciaupa-120072300,Dvylikaaukščio gyventojus Kaune užliejo vanduo: pranešama apie atsuktą priešgaisrinį čiaupą  ,Kriminalai ir nelaimės
2024-12-15 13:27:32,Delfi,https://www.delfi.lt//news/daily/lithuania/uzkliuvo-naujo-ministro-pareiskimai-ankstesni-politiko-pasisakymai-rusijoje-nuskambejo-placiai-120071463,Užkliuvo naujo ministro pareiškimai: ankstesni politiko pasisakymai Rusijoje nuskambėjo plačiai (67)   78 ,Lietuvoje
2024-12-15 13:27:32,Delfi,https://www.delfi.lt//news/daily/world/pietu-korejos-opozicija-ragina-teisma-greitai-pasalinti-prezidenta-is-posto-po-apkaltos-120072295,Pietų Korėjos opozicija ragina teismą greitai pašalinti prezidentą iš posto po apkaltos  ,Užsienyje
2024-12-15 13:27:32,Delfi,https://www.delfi.lt/veidai/eteris/jauniausiai-x-faktoriaus-dalyvei-viltei-netiketos-naujienos-120072294,Jauniausiai „X faktoriaus“ dalyvei Viltei – netikėtos naujienos  ,Veidai
2024-12-15 13:27:32,Delfi,https://www.delfi.lt/sportas/plaukimas/dar-viena-medalio-viltis-danas-rapsys-pateko-i-pasaulio-cempionato-finala-120072293,Dar viena medalio viltis: Danas Rapšys pateko į pasaulio čempionato finalą  ,Sportas
2024-12-15 13:27:32,Delfi,https://www.delfi.lt/agro/agroverslo-naujienos/miesto-gyvenima-paulina-iskeite-i-uki-kaime-nepaisant-ilgu-darbo-valandu-dziaugiasi-gyvenimu-120072113,"Miesto gyvenimą Paulina iškeitė į ūkį kaime: nepaisant ilgų darbo valandų, džiaugiasi gyvenimu  ",Agro
2024-12-15 13:27:32,Delfi,https://www.delfi.lt/veidai/zmones/drag-karalienes-edma-ir-aura-more-atsvente-pirmaji-drauges-tv-gimtadieni-vakarelyje-burys-izymybiu-ir-krauja-kaitinantys-pasirodymai-120072287,Drag karalienės Edma ir Aura More atšventė pirmąjį „Draugės TV“ gimtadienį: vakarėlyje – būrys įžymybių ir kraują kaitinantys pasirodymai  ,Veidai
2024-12-15 13:27:32,Delfi,https://www.delfi.lt/verslas/mano-eurai/ispejo-del-didejancio-mma-poveikio-kisenes-paveiktu-ir-nemaloniai-120069690,Įspėjo dėl didėjančio MMA poveikio: kišenes paveiktų ir nemaloniai (4) ,Verslas
2024-12-15 13:27:32,Delfi,https://www.delfi.lt//news/daily/education/del-naujos-tvarkos-mokyklos-ir-darzeliai-jau-dabar-vardija-ko-teks-atsisakyti-120070780,"Dėl naujos tvarkos mokyklos ir darželiai jau dabar vardija, ko teks atsisakyti (1)   73 ",Švietimas
2024-12-15 13:27:32,Delfi,https://www.delfi.lt//news/daily/politics/budrys-vyksta-pirmojo-vizito-i-briuseli-dalyvaus-es-uzsienio-reikalu-taryboje-120072291,Budrys vyksta pirmojo vizito į Briuselį: dalyvaus ES Užsienio reikalų taryboje (1) ,Politika
2024-12-15 13:27:32,Delfi,https://www.delfi.lt//news/daily/lithuania/vsat-pastaraja-para-neteisetu-migrantu-pasienyje-su-baltarusija-nefiksuota-120072290,VSAT: pastarąją parą neteisėtų migrantų pasienyje su Baltarusija nefiksuota  ,Lietuvoje
2024-12-15 13:27:32,Delfi,https://www.delfi.lt/krepsinis/naujienos/lkl-nuobaudos-susilauke-ryto-sirgaliai-pasiunte-zinute-matijosaiciui-120072283,LKL nuobaudos susilaukę „Ryto“ sirgaliai pasiuntė žinutę Matijošaičiui (39)   485 ,Krepšinis
2024-12-15 13:27:32,Delfi,https://www.delfi.lt//news/daily/world/trumpas-savo-socialinio-tinklo-vadova-paskirs-zvalgybos-patareju-120072289,Trumpas savo socialinio tinklo vadovą paskirs žvalgybos patarėju  ,Užsienyje
2024-12-15 13:27:32,Delfi,https://www.delfi.lt//news/daily/crime/nelaime-alytaus-rajone-medziokles-metu-pasautas-vyras-120072286,Nelaimė Alytaus rajone – medžioklės metu pašautas vyras    76 ,Kriminalai ir nelaimės
2024-12-15 13:27:32,Delfi,https://www.delfi.lt/moterys/kasdienybes-herojai/ilona-socialiniuose-tinkluose-ispopuliarejo-pasakodama-apie-autistiska-sunu-skaudina-kalbos-kad-vaiko-saskaita-bandau-tapti-izymybe-120072075,"Ilona socialiniuose tinkluose išpopuliarėjo pasakodama apie autistišką sūnų: skaudina kalbos, kad vaiko sąskaita bandau tapti įžymybe   ",Moterys
2024-12-15 13:27:32,Delfi,https://www.delfi.lt/video/aktualijos/elta-savaite-pokalbis-su-vyriausybes-strategines-analizes-centro-vyriausiuoju-politiniu-analitiku-justinu-mickumi-120072011,Elta savaitė. Pokalbis su Vyriausybės strateginės analizės centro vyriausiuoju politiniu analitiku Justinu Mickumi  ,Video
2024-12-15 13:27:32,Delfi,https://www.delfi.lt/sportas/kitos-sporto-sakos/net-ministru-palaikymo-sulaukusi-drasioji-lietuve-praso-vienintelio-dalyko-juk-ne-as-esu-nuskriausta-120072279,Net ministrų palaikymo sulaukusi drąsioji lietuvė prašo vienintelio dalyko: juk ne aš esu nuskriausta (67)   610 ,Sportas
2024-12-15 13:27:32,Delfi,https://www.delfi.lt/letena/mano-letena/pasidomejome-ka-gyventojai-dovanoja-augintiniams-kaledu-proga-pinigu-negaili-perkamiausia-viena-preke-120071996,"Pasidomėjome, ką gyventojai dovanoja augintiniams Kalėdų proga: pinigų negaili, perkamiausia – viena prekė (2)   47 ",Letena
2024-12-15 13:55:16,Lrytas,https://www.lrytas.lt/skonis/gurmanu-klubas/2024/12/15/news/visagino-gyventojai-suvalge-sunkiausia-lietuvoje-kolduna-virejai-pasirinko-ypatinga-idara-35599503,Visagino gyventojai suvalgė sunkiausią Lietuvoje koldūną: virėjai pasirinko ypatingą įdarą ,Skonis
2024-12-15 13:55:16,Lrytas,https://www.lrytas.lt/gyvenimo-budas/psichologija/2024/12/15/news/daug-sakantis-pasirinkimas-pasirinkite-laiva-paaiskes-visa-tiesa-apie-jus-35377765,Daug sakantis pasirinkimas: pasirinkite laivą – paaiškės visa tiesa apie jus ,Gyvenimo būdas
2024-12-15 13:55:16,Lrytas,https://www.lrytas.lt/verslas/rinkos-pulsas/2024/12/15/news/bankrutuojanti-alytaus-siuvykla-atleidzia-visus-darbuotojus-35666087,Bankrutuojanti Alytaus siuvykla atleidžia visus darbuotojus ,Verslas
2024-12-15 13:55:16,Lrytas,https://www.lrytas.lt/it/laboratorija/2024/12/15/news/kaip-atrodo-maziausia-sviesos-dalele-pirma-karta-pateike-fotono-vaizda-35610553,Kaip atrodo mažiausia šviesos dalelė? Pirmą kartą pateikė fotono vaizdą ,It ir mokslas
2024-12-15 13:55:16,Lrytas,https://www.lrytas.lt/stilius/karamele/2024/12/15/news/vilniaus-gelezinkelio-stotyje-interaktyvi-kaledine-muge-lauks-staigmenos-35666035,Vilniaus geležinkelio stotyje – interaktyvi kalėdinė mugė: lauks staigmenos ,Stilius
2024-12-15 13:55:16,Delfi,https://www.delfi.lt/verslas/verslas/bankrutuojanti-alytaus-siuvykla-ager-axis-atleidzia-visus-20-darbuotoju-120072323,Bankrutuojanti Alytaus siuvykla „Ager axis“ atleidžia visus 20 darbuotojų  ,Verslas
2024-12-15 13:55:16,Delfi,https://www.delfi.lt//news/daily/politics/budrys-i-sankcionuotu-sakarvelo-politiku-sarasa-itrauktas-salies-premjeras-i-kobakhidze-120072322,Budrys: į sankcionuotų Sakarvelo politikų sąrašą įtrauktas šalies premjeras I. Kobakhidze  ,Politika
2024-12-15 13:55:16,Delfi,https://www.delfi.lt//news/daily/law/buves-radviliskio-rajono-savivaldybes-tarybos-narys-sutiko-grazinti-porsche-nuomai-ir-masinos-remontui-isleistus-pinigus-120072321,Buvęs Radviliškio rajono savivaldybės tarybos narys sutiko grąžinti „Porsche“ nuomai ir mašinos remontui išleistus pinigus  ,Teisė
2024-12-15 14:00:18,Delfi,https://www.delfi.lt/krepsinis/naujienos/eurolygos-pirmojo-rato-finisas-zalgiriui-puiki-galimybe-isitvirtinti-lyderiu-gretose-120072314,Eurolygos pirmojo rato finišas: „Žalgiriui“ – puiki galimybė įsitvirtinti lyderių gretose  ,Krepšinis
2024-12-15 14:09:30,Delfi,https://www.delfi.lt/veidai/zmones/prabanga-alsuojanciame-vakarelyje-sventiskai-nusiteike-kviestiniai-sveciai-ir-salies-izymybes-120072325,Prabanga alsuojančiame vakarėlyje – šventiškai nusiteikę kviestiniai svečiai ir šalies įžymybės   ,Veidai
2024-12-15 14:46:43,Lrytas,https://www.lrytas.lt/gamta/gamtaorai/2024/12/15/news/gyventojams-perspejimas-del-artejancio-stichinio-reiskinio-stai-kas-lietuvoje-desis-jau-pirmadienio-nakti-35666331,Gyventojams – perspėjimas dėl artėjančio stichinio reiškinio: štai kas Lietuvoje dėsis jau pirmadienio naktį ,Gamta
2024-12-15 14:46:43,Lrytas,https://www.lrytas.lt/pasaulis/ivykiai/2024/12/15/news/juodojoje-juroje-rusu-tanklaiviu-avarija-vienas-laivas-paniro-po-vandeniu-skelbia-apie-issiliejusia-nafta-35666461,"Juodojoje jūroje – rusų tanklaivių avarija: vienas laivas paniro po vandeniu, skelbia apie išsiliejusią naftą ",Pasaulis
2024-12-15 14:46:43,Lrytas,https://www.lrytas.lt/gyvenimo-budas/psichologija/2024/12/15/news/vardu-reiksmes-gruodzio-16-22-d-varduvininkai-35345307,Vardų reikšmės: gruodžio 16–22 d. varduvininkai ,Gyvenimo būdas
2024-12-15 14:46:44,Delfi,https://www.delfi.lt/tvarilietuva/zaliasis-menuo/toksikologai-ir-epidemiologai-ispeja-sildyti-maista-plastikineje-taroje-mikrobangu-krosneleje-pavojinga-120071951,Toksikologai ir epidemiologai įspėja: šildyti maistą plastikinėje taroje mikrobangų krosnelėje – pavojinga  ,Tvari Lietuva
2024-12-15 14:46:44,Delfi,https://www.delfi.lt//news/daily/world/lenkijos-parlamento-pirmininkas-prezidento-rinkimuose-atstovaus-dvi-partijas-120072333,Lenkijos parlamento pirmininkas prezidento rinkimuose atstovaus dvi partijas  ,Užsienyje
2024-12-15 14:46:44,Delfi,https://www.delfi.lt//news/daily/politics/siulo-praplesti-politiku-deklaraciju-turini-pataisos-ipareigotu-nurodyti-visus-galiojancius-sandorius-ir-akcijas-120072332,Siūlo praplėsti politikų deklaracijų turinį: pataisos įpareigotų nurodyti visus galiojančius sandorius ir akcijas  ,Politika
2024-12-15 14:46:44,Delfi,https://www.delfi.lt//news/daily/world/afd-kvestionuoja-vokietijos-naryste-nato-120072330,AfD kvestionuoja Vokietijos narystę NATO  ,Užsienyje
2024-12-15 14:46:44,Delfi,https://www.delfi.lt//news/daily/politics/neeilines-krizes-ir-pajudintos-kedes-kaip-istorijoje-isliks-darba-baigusi-simonytes-vyriausybe-120071380,Neeilinės krizės ir pajudintos kėdės: kaip istorijoje išliks darbą baigusi Šimonytės Vyriausybė  (6) ,Politika
2024-12-15 14:46:44,Delfi,https://www.delfi.lt//news/daily/world/rusijos-pajegu-bazese-sirijoje-neiprastas-sujudimas-120072324,Rusijos pajėgų bazėse Sirijoje – neįprastas sujudimas  ,Užsienyje
2024-12-15 14:46:44,Delfi,https://www.delfi.lt//news/daily/crime/daugiabucio-laiptineje-vilniuje-uzpulta-ir-apiplesta-moteris-120072329,Daugiabučio laiptinėje Vilniuje užpulta ir apiplėšta moteris  ,Kriminalai ir nelaimės
2024-12-15 14:46:44,Delfi,https://www.delfi.lt//news/daily/lithuania/meteorologai-perspeja-nakti-kils-labai-stiprus-vejas-120072328,Meteorologai perspėja: naktį kils labai stiprus vėjas  ,Lietuvoje
2024-12-15 15:08:13,Lrytas,https://www.lrytas.lt/pasaulis/konfliktai-ir-saugumas/2024/12/15/news/nuo-karjeros-londone-iki-tukstanciu-tevynainiu-zudiko-b-al-assado-gyvenime-viska-pakeite-lemtingas-ivykis-35615992,Nuo karjeros Londone iki tūkstančių tėvynainių žudiko: B. al-Assado gyvenime viską pakeitė lemtingas įvykis ,Pasaulis
2024-12-15 15:08:14,Delfi,https://www.delfi.lt//news/daily/world/du-rusijos-tanklaiviai-patyre-dideles-avarijas-paniro-po-vandeniu-i-jura-issiliejo-nafta-120072337,"Du Rusijos tanklaiviai patyrė dideles avarijas: paniro po vandeniu, į jūrą išsiliejo nafta  ",Užsienyje
2024-12-15 15:08:14,Delfi,https://www.delfi.lt//news/daily/politics/budrys-i-sankcionuotu-sakarvelo-politiku-sarasa-itrauktas-salies-premjeras-kobakhidze-120072322,Budrys: į sankcionuotų Sakarvelo politikų sąrašą įtrauktas šalies premjeras Kobakhidze  ,Politika
2024-12-15 15:21:20,Delfi,https://www.delfi.lt/verslas/mano-eurai/artejame-prie-isejimo-i-pensija-65-eriu-kitamet-ilges-butinasis-stazas-120071418,Artėjame prie išėjimo į pensiją 65-erių: kitąmet ilgės būtinasis stažas  ,Verslas
2024-12-15 15:21:20,Delfi,https://www.delfi.lt/veidai/muzika/sel-koncerte-be-incidentu-neapsieita-septyni-vyrai-pristatyti-i-policijos-komisariata-pradetas-ikiteisminis-tyrimas-120072335,"„SEL“ koncerte be incidentų neapsieita: septyni vyrai pristatyti į policijos komisariatą, pradėtas ikiteisminis tyrimas  ",Veidai
2024-12-15 15:51:25,Delfi,https://www.delfi.lt//news/daily/world/estija-ivede-sankcijas-dar-14-ai-sakartvelo-pareigunu-ir-teiseju-120072340,Estija įvedė sankcijas dar 14-ai Sakartvelo pareigūnų ir teisėjų  ,Užsienyje
2024-12-15 15:51:25,Delfi,https://www.delfi.lt/verslas/verslas/fntt-ivertinus-kad-virtualiu-valiutu-operatoriai-yra-tarp-rizikingiausiu-sektoriu-ju-atstovai-teigia-situacija-sudetingesne-120072339,"FNTT įvertinus, kad virtualių valiutų operatoriai yra tarp rizikingiausių sektorių, jų atstovai teigia: situacija sudėtingesnė  ",Verslas
2024-12-15 18:11:36,Lrytas,https://www.lrytas.lt/lietuvosdiena/aktualijos/2024/12/15/news/naujoje-vyriausybeje-tik-4-moterys-ekspertai-kalba-apie-siunciama-zinia-ir-tamsiaja-tokiu-postu-puse-35626340,Naujoje Vyriausybėje – tik 4 moterys: ekspertai kalba apie siunčiamą žinią ir tamsiąją tokių postų pusę  (1) ,Lietuvos diena
2024-12-15 18:11:36,Lrytas,https://www.lrytas.lt/sportas/startai/2024/12/15/news/rusai-su-pasididziavimu-ivardino-zmogu-kurio-skundu-deka-is-pasaulio-funkcinio-sporto-cempionato-isprasyta-k-dudaite-35666724,"Rusai su pasididžiavimu įvardino žmogų, dėl kurio skundų iš pasaulio funkcinio sporto čempionato išprašyta K. Dūdaitė  (5) ",Sportas
2024-12-15 18:11:36,Lrytas,https://www.lrytas.lt/auto/rinka/2024/12/15/news/keistas-autobusas-vilnieciu-nesuzavejo-gedo-kentejo-nuo-vandalu-teko-keisti-marsruta-35616021,"Keistas autobusas vilniečių nesužavėjo: gedo, kentėjo nuo vandalų, teko keisti maršrutą ",Auto
2024-12-15 18:11:36,Lrytas,https://www.lrytas.lt/sveikata/gyvenu-sveikai/2024/12/15/news/lietuviu-karininko-palikuonis-singapure-iesko-rakto-i-laiminga-senatve-35599515,Lietuvių karininko palikuonis Singapūre ieško rakto į laimingą senatvę ,Sveikata
2024-12-15 18:11:36,Lrytas,https://www.lrytas.lt/zmones/veidai-ir-vardai/2024/12/15/news/vilniuje-prabangus-kaledinis-vakarelis-atvyko-ir-v-siegel-bei-i-stumbriene-35667542,Vilniuje – prabangus kalėdinis vakarėlis: atvyko ir V. Siegel bei I. Stumbrienė ,Žmonės
2024-12-15 18:11:36,Lrytas,https://www.lrytas.lt/zmones/muzika/2024/12/15/news/zalgirio-arenoje-ivyko-ispudingas-sel-koncertas-sou-stebejo-sausakimsa-arena-35667078,Žalgirio arenoje įvyko įspūdingas „SEL“ koncertas: šou stebėjo sausakimša arena ,Žmonės
2024-12-15 18:11:36,Lrytas,https://www.lrytas.lt/zmones/veidai-ir-vardai/2024/12/15/news/inga-stumbriene-pasirode-su-nauja-suknele-ir-rankine-kaina-atima-zada-35666723,Inga Stumbrienė pasirodė su nauja suknele ir rankine: kaina atima žadą ,Žmonės
2024-12-15 18:11:36,Lrytas,https://www.lrytas.lt/tevams/vaikai/2024/12/15/news/masazuotoja-dalinasi-profilaktiniais-pratimais-vaiku-ploksciapedystes-prevencijai-32728478,Masažuotoja dalinasi profilaktiniais pratimais vaikų plokščiapėdystės prevencijai  ,Tėvams
2024-12-15 18:11:36,Lrytas,https://www.lrytas.lt/it/laboratorija/2024/12/15/news/skystas-metalas-padeda-sukurti-dirbtines-kraujagysles-35608644,Skystas metalas padeda sukurti dirbtines kraujagysles ,It ir mokslas
2024-12-15 18:11:36,Lrytas,https://www.lrytas.lt/verslas/rinkos-pulsas/2024/12/15/news/fntt-ivertinus-kad-virtualiu-valiutu-operatoriai-yra-tarp-rizikingiausiu-sektoriu-ju-atstovai-teigia-situacija-sudetinges-35666703,"FNTT įvertinus, kad virtualių valiutų operatoriai yra tarp rizikingiausių sektorių, jų atstovai teigia: situacija sudėtingesnė ",Verslas
2024-12-15 18:11:36,Lrytas,https://www.lrytas.lt/sportas/krepsinis/2024/12/15/news/giedrius-zibenas-iki-darbo-ryte-buvau-savanaudiskas-treneris--35667415,Giedrius Žibėnas: „Iki darbo „Ryte“ buvau savanaudiškas treneris“ ,Sportas
2024-12-15 18:11:36,Lrytas,https://www.lrytas.lt/sportas/startai/2024/12/15/news/lemiamoje-pasaulio-cempionato-atrankos-dvikovoje-lietuvos-rankininkes-susitiks-su-fareru-salu-rinktine-35667801,Lemiamoje pasaulio čempionato atrankos dvikovoje Lietuvos rankininkės susitiks su Farerų salų rinktine ,Sportas
2024-12-15 18:11:36,Lrytas,https://www.lrytas.lt/sportas/krepsinis/2024/12/15/news/karaliaus-mindaugo-taures-burtai-mesti-rytas-ir-zalgiris-suzinojo-varzovus-35667893,Karaliaus Mindaugo taurės burtai mesti: „Rytas“ ir „Žalgiris“ sužinojo varžovus ,Sportas
2024-12-15 18:11:36,Lrytas,https://www.lrytas.lt/pasaulis/ivykiai/2024/12/15/news/brazilijos-prezidentas-po-skubios-operacijos-israsytas-is-ligonines-35667543,Brazilijos prezidentas po skubios operacijos išrašytas iš ligoninės ,Pasaulis
2024-12-15 18:11:37,Delfi,https://www.delfi.lt/veidai/muzika/koncertu-maniako-ispazintis-organizatoriu-klaidos-atlikeju-kaprizai-istikimu-gerbeju-isdaigos-120072360,"Koncertų maniako išpažintis: organizatorių klaidos, atlikėjų kaprizai, ištikimų gerbėjų išdaigos  ",Veidai
2024-12-15 18:11:37,Delfi,https://www.delfi.lt//news/daily/world/po-zmogzudystes-niujorke-prasiverze-amerikieciu-pyktis-120071164,Po žmogžudystės Niujorke prasiveržė amerikiečių pyktis  ,Užsienyje
2024-12-15 18:11:37,Delfi,https://www.delfi.lt/krepsinis/naujienos/istraukti-karaliaus-mindaugo-taures-ketvirtfinalio-burtai-120072288,Ištraukti Karaliaus Mindaugo taurės ketvirtfinalio burtai  ,Krepšinis
2024-12-15 18:11:37,Delfi,https://www.delfi.lt//news/daily/world/jav-pareigunai-palaiko-tiesioginius-rysius-su-rezima-nuvertusiais-sirijos-sukileliais-120072358,JAV pareigūnai palaiko „tiesioginius ryšius“ su režimą nuvertusiais Sirijos sukilėliais  ,Užsienyje
2024-12-15 18:11:37,Delfi,https://www.delfi.lt/verslas/verslas/kaimo-parduotuve-valdanti-janina-kitu-metu-naujove-gali-reiksti-kaimo-parduotuviu-eros-pabaiga-120071787,Kaimo parduotuvę valdanti Janina: kitų metų naujovė gali reikšti kaimo parduotuvių eros pabaigą  (1) ,Verslas
2024-12-15 18:11:37,Delfi,https://www.delfi.lt//news/daily/lithuania/sakaliene-diskutuoti-apie-pasitraukima-is-priespestines-minas-draudziancios-otavos-konvencijos-yra-prasminga-120072353,Šakalienė: diskutuoti apie pasitraukimą iš priešpėstines minas draudžiančios Otavos konvencijos yra prasminga  ,Lietuvoje
2024-12-15 18:11:37,Delfi,https://www.delfi.lt//news/ringas/lit/rimvydas-valatka-desperados-braskes-120072352,"Rimvydas Valatka. Desperados, braškės! (13) ",Nuomonės
2024-12-15 18:11:37,Delfi,https://www.delfi.lt//news/daily/world/turkija-siulo-karine-parama-sirijos-sukileliams-120072350,Turkija siūlo karinę paramą Sirijos sukilėliams  ,Užsienyje
2024-12-15 18:11:37,Delfi,https://www.delfi.lt//news/daily/lithuania/kadencija-baiges-seimas-pasizymejo-priimtu-teises-aktu-gausa-120072349,Kadenciją baigęs Seimas pasižymėjo priimtų teisės aktų gausa  ,Lietuvoje
2024-12-15 18:11:37,Delfi,https://www.delfi.lt//news/daily/politics/vyriausybe-suformuota-taciau-sirinskiene-mato-viena-rizika-tai-opesnis-klausimas-120072106,"Vyriausybė suformuota, tačiau Širinskienė mato vieną riziką: tai opesnis klausimas (21) ",Politika
2024-12-15 18:11:37,Delfi,https://www.delfi.lt//news/daily/crime/utenoje-prisidirbo-moteris-ir-vyras-budami-girti-talze-vienas-kita-120072347,Utenoje prisidirbo moteris ir vyras – būdami girti talžė vienas kitą  ,Kriminalai ir nelaimės
2024-12-15 18:11:37,Delfi,https://www.delfi.lt/veidai/zmones/kaledu-eglutes-nepuosti-planavusi-edita-mildazyte-zodzio-neistesejo-parodzius-rezultata-komplimentu-jura-120072316,Kalėdų eglutės nepuošti planavusi Edita Mildažytė žodžio neištesėjo: parodžius rezultatą – komplimentų jūra  ,Veidai
2024-12-15 18:40:08,Lrytas,https://www.lrytas.lt/gyvenimo-budas/likimai/2024/12/15/news/gimus-issvajotam-sunui-seimos-gyvenimas-subyrejo-i-sipulius-nelauke-tokio-isbandymo-35599492,Gimus išsvajotam sūnui šeimos gyvenimas subyrėjo į šipulius: nelaukė tokio išbandymo ,Gyvenimo būdas
2024-12-15 18:50:10,Lrytas,https://www.lrytas.lt/verslas/agro-naujienos/2024/12/15/news/sulciu-spaudyklos-siemet-turejo-nemazai-darbo-zmoniu-pageidavimai-isskirtiniai-35377286,Sulčių spaudyklos šiemet turėjo nemažai darbo: žmonių pageidavimai – išskirtiniai ,Verslas
2024-12-15 19:00:11,Delfi,https://www.delfi.lt/veidai/uzsienio-zvaigzdes/princo-louiso-rankose-vos-iziurimas-ranka-rasytas-laiskelis-zodziai-griebia-uz-sirdies-120072305,Princo Louiso rankose – vos įžiūrimas ranka rašytas laiškelis: žodžiai griebia už širdies  ,Veidai
2024-12-15 19:00:11,Delfi,https://www.delfi.lt/sportas/plaukimas/auksinis-plaukimas-ruta-meilutyte-apgyne-pasaulio-cempiones-titula-120072343,Auksinis plaukimas: Rūta Meilutytė apgynė pasaulio čempionės titulą  ,Sportas
2024-12-15 19:10:12,Lrytas,https://www.lrytas.lt/lietuvosdiena/aktualijos/2024/12/15/news/vilniaus-teiseju-akibrokstas-per-tevu-skyrybu-drama-8-metu-mergaite-siunciama-i-karo-draskoma-ukraina-35624759,Vilniaus teisėjų akibrokštas: per tėvų skyrybų dramą 8 metų mergaitė siunčiama į karo draskomą Ukrainą Lrytas patikrino: rajonas nuolat bombarduojamas,Lietuvos diena
2024-12-15 19:10:12,Lrytas,https://www.lrytas.lt/sportas/startai/2024/12/15/news/auksinis-r-meilutytes-plaukimas-tapo-pasaulio-cempione-35667948,Auksinis R. Meilutytės plaukimas – tapo pasaulio čempione ,Sportas
2024-12-15 19:10:13,Delfi,https://www.delfi.lt//news/daily/lithuania/perspeja-vairuotojus-keliuose-plikledis-120072362,Perspėja vairuotojus: keliuose – plikledis  ,Lietuvoje
2024-12-15 19:10:13,Delfi,https://www.delfi.lt/krepsinis/naujienos/zalgiris-pergalinga-serija-pratese-vietinese-pirmenybese-120072364,„Žalgiris“ pergalingą seriją pratęsė vietinėse pirmenybėse  ,Krepšinis
2024-12-15 19:10:13,Delfi,https://www.delfi.lt//news/daily/lithuania/sirijoje-pralaimeje-putinas-ir-jo-sajungininkai-ne-veltui-dairosi-per-peti-ka-ir-kur-dabar-pasieks-ukrainos-kersto-ranka-120072112,Sirijoje pralaimėję Putinas ir jo sąjungininkai ne veltui dairosi per petį: ką ir kur dabar pasieks Ukrainos keršto ranka   ,Lietuvoje
2024-12-15 19:20:14,Lrytas,https://www.lrytas.lt/skonis/pasigamink/2024/12/15/news/kokosinis-lasisos-karis-uztruksite-vos-keliolika-minuciu-o-vakariene-paversite-tikru-aromatu-ir-skoniu-fiesta-35613414,"Kokosinis lašišos karis: užtruksite vos keliolika minučių, o vakarienę paversite tikra aromatų ir skonių fiesta ",Skonis
2024-12-15 19:20:14,Lrytas,https://www.lrytas.lt/sportas/krepsinis/2024/12/15/news/-zalgiris-neleido-neptunui-sukurti-staigmenos-namie-aptalze-klaipediecius-35667906,„Žalgiris“ neleido „Neptūnui“ sukurti staigmenos – namie aptalžė klaipėdiečius ,Sportas
2024-12-15 19:20:14,Delfi,https://www.delfi.lt/sportas/kitos-sporto-sakos/auksine-karuna-ant-galvos-islaikiusi-meilutyte-zada-svesti-jausmas-geras-esu-laiminga-120072356,"Auksinę karūną ant galvos išlaikiusi Meilutytė žada švęsti: jausmas – geras, esu laiminga  ",Sportas
2024-12-15 19:30:16,Delfi,https://www.delfi.lt/maistas/laukines-zasys/uzkalnis-patvirtino-taip-lietuva-yra-picu-salis-120072365,"Užkalnis patvirtino: taip, Lietuva yra picų šalis  ",Maistas
2024-12-15 20:01:10,Lrytas,https://www.lrytas.lt/sportas/startai/2024/12/15/news/danui-rapsiui-iki-medalio-truko-akimirkos-uzeme-ketvirtaja-vieta-35668427,Danui Rapšiui iki medalio trūko akimirkos – užėmė ketvirtąją vietą ,Sportas
2024-12-15 20:01:10,Lrytas,https://www.lrytas.lt/lietuvosdiena/nelaimes/2024/12/15/news/panevezio-rajone-automobilis-partrenke-ir-mirtinai-suzalojo-dviratininka-35668444,Panevėžio rajone automobilis partrenkė ir mirtinai sužalojo dviratininką ,Lietuvos diena
2024-12-15 20:01:11,Delfi,https://www.delfi.lt//news/daily/crime/skaudi-avarija-panevezio-rajone-automobilis-prazude-dviratininka-120072368,Skaudi avarija Panevėžio rajone – automobilis pražudė dviratininką  ,Kriminalai ir nelaimės
2024-12-15 20:01:11,Delfi,https://www.delfi.lt/sportas/plaukimas/rapsi-nuo-pasaulio-cempionato-bronzos-apdovanojimo-skyre-akimirka-120072367,Rapšį nuo pasaulio čempionato bronzos apdovanojimo skyrė akimirka  ,Sportas
2024-12-15 20:01:11,Delfi,https://www.delfi.lt/kultura/naujienos/zmogus-kosmosas-ir-jo-muzikines-misles-120070383,Žmogus Kosmosas ir jo muzikinės mįslės  ,Kultūra
2024-12-15 20:01:11,Delfi,https://www.delfi.lt//news/daily/lithuania/budrys-susitiko-su-eurokomisaru-kubiliumi-120072366,Budrys susitiko su eurokomisaru Kubiliumi  ,Lietuvoje
2024-12-16 13:59:37,Lrytas,https://www.lrytas.lt/lietuvosdiena/aktualijos/2024/12/16/news/pasodins-i-svarbia-kede-nustekentas-r-zemaitaitis-is-koalicijos-partneriu-laukia-rimtos-kompensacijos-35673856,Pasodins į svarbią kėdę? Nustekentas R. Žemaitaitis iš koalicijos partnerių laukia rimtos kompensacijos  (6) ,Lietuvos diena
2024-12-16 13:59:37,Lrytas,https://www.lrytas.lt/pasaulis/ivykiai/2024/12/16/news/is-sakartvelo-astri-reakcija-i-lietuvos-ir-estijos-sankcijas-prabilo-apie-sovietini-mentaliteta-35673726,Iš Sakartvelo – aštri reakcija į Lietuvos ir Estijos sankcijas: prabilo apie sovietinį mentalitetą  (23) ,Pasaulis
2024-12-16 13:59:37,Lrytas,https://www.lrytas.lt/gamta/zeme/2024/12/16/news/nereikejo-ne-grinco-neatlaikiusios-vejo-viena-po-kitos-griuvo-miestu-kaledines-eglutes-35671426,Nereikėjo nė Grinčo: neatlaikiusios vėjo viena po kitos griuvo miestų kalėdinės eglutės Krito ir Alytaus žaliaskarė (2) ,Gamta
2024-12-16 13:59:37,Lrytas,https://www.lrytas.lt/verslas/rinkos-pulsas/2024/12/16/news/vilniuje-negalejo-nusileisti-du-lektuvai-paaiskino-kodel-buvo-nukreipti-35674031,"Vilniuje negalėjo nusileisti du lėktuvai: paaiškino, kodėl buvo nukreipti ",Verslas
2024-12-16 13:59:37,Lrytas,https://www.lrytas.lt/gamta/gamtaorai/2024/12/16/news/po-perspejimo-apie-stichini-reiskini-pirmosios-zinios-apie-padarinius-medziai-virto-ant-keliu-35670266,"Įsismarkavęs vėjas neskuba rimti: virsta stulpai ir stotelės, be elektros – virš 20 tūkst. žmonių  (1) ",Gamta
2024-12-16 13:59:37,Lrytas,https://www.lrytas.lt/it/ismanyk/2024/12/16/news/ukrainos-kariuomene-gavo-nauja-ir-ypatinga-karine-technika-35671204,Ukrainos kariuomenė gavo naują ir ypatingą karinę techniką  (1) ,It ir mokslas
2024-12-16 13:59:37,Lrytas,https://www.lrytas.lt/lietuvosdiena/aktualijos/2024/12/16/news/mire-jauna-konservatoriu-politike-ieva-kairyte-35672626,Mirė jauna konservatorių politikė Ieva Kairytė  (6) ,Lietuvos diena
2024-12-16 13:59:37,Lrytas,https://www.lrytas.lt/pasaulis/ivykiai/2024/12/16/news/kerces-sasiauryje-esantis-turkijos-laivas-siuncia-nelaimes-signala-35674852,Kerčės sąsiauryje esantis Turkijos laivas siunčia nelaimės signalą ,Pasaulis
2024-12-16 13:59:37,Lrytas,https://www.lrytas.lt/sportas/startai/2024/12/16/news/aiski-suma-kuria-uz-auksini-sou-budapeste-gaus-r-meilutyte-35670646,"Aiški suma, kurią už auksinį šou Budapešte gaus R. Meilutytė  (5) ",Sportas
2024-12-16 13:59:37,Lrytas,https://www.lrytas.lt/lietuvosdiena/aktualijos/2024/12/16/news/ministru-kabineta-ivertines-g-paluckas-prisimine-skambia-i-simonytes-fraze-as-ja-pradedu-suprasti--35673205,Ministrų kabinetą įvertinęs G. Paluckas prisiminė skambią I. Šimonytės frazę: „Aš ją pradedu suprasti“    (3) ,Lietuvos diena
2024-12-16 13:59:37,Lrytas,https://www.lrytas.lt/pasaulis/konfliktai-ir-saugumas/2024/12/16/news/karas-ukrainoje-ispejo-del-neisvengiamo-trecio-karo-etapo-ir-kas-gali-buti-lemtinga-klaida-35667414,Karas Ukrainoje. Iš D. Kulebos – žinia dėl D. Trumpo ambicijų: taika dar neįmanoma  (1) ,Pasaulis
2024-12-16 13:59:37,Lrytas,https://www.lrytas.lt/gyvenimo-budas/horoskopai/2024/12/16/news/astrologe-sio-zenklo-laukia-viena-laimingiausiu-menesio-dienu-naudokites-proga-35672790,Astrologė: šio ženklo laukia viena laimingiausių mėnesio dienų – naudokitės proga ,Gyvenimo būdas
2024-12-16 13:59:37,Lrytas,https://www.lrytas.lt/zmones/veidai-ir-vardai/2024/12/16/news/prabangiame-vakare-krauja-kaitinantys-v-siegel-ir-jos-draugiu-ivaizdziai-parode-daugiau-nei-iprastai-35674573,"Prabangiame vakare – kraują kaitinantys V. Siegel ir jos draugių įvaizdžiai: parodė daugiau, nei įprastai ",Žmonės
2024-12-16 13:59:37,Lrytas,https://www.lrytas.lt/zmones/veidai-ir-vardai/2024/12/16/news/pirmoje-sel-koncerto-eileje-retai-viesumoje-matoma-jo-mylimoji-prabilo-apie-jausmus-35673858,Pirmoje „SEL“ koncerto eilėje – retai viešumoje matoma jo mylimoji: prabilo apie jausmus  (1) ,Žmonės
2024-12-16 13:59:37,Lrytas,https://www.lrytas.lt/sportas/krepsinis/2024/12/16/news/alba-naujoka-isskyres-a-trinchieri-apie-d-giedraicio-situacija-ir-t-dimsos-reabilitacija-35670251,ALBA naujoką išskyręs A. Trinchieri – apie D. Giedraičio situaciją ir T. Dimšos reabilitaciją ,Sportas
2024-12-16 13:59:37,Lrytas,https://www.lrytas.lt/lietuvosdiena/aktualijos/2024/12/16/news/g-paluckas-dar-neapsisprende-ar-sieks-lsdp-pirmininko-posto-premjero-pareigos-yra-zveriskai-sunkios-35673859,"G. Paluckas dar neapsisprendė, ar sieks LSDP pirmininko posto: premjero pareigos yra žvėriškai sunkios  (3) ",Lietuvos diena
2024-12-16 13:59:37,Lrytas,https://www.lrytas.lt/bendraukime/reporteris/2024/12/16/news/kaunieciu-akys-raibo-nuo-tiek-sveciu-is-laplandijos-praeiviai-kalbino-juos-ir-fotografavo-35672208,Kauniečių akys raibo nuo tiek svečių „iš Laplandijos“: praeiviai kalbino juos ir fotografavo ,Bendraukime
2024-12-16 13:59:37,Lrytas,https://www.lrytas.lt/verslas/mano-pinigai/2024/12/16/news/vmi-perspeja-tukstanciams-gyventoju-liko-paskutine-diena-sumoketi-si-mokesti-35671738,VMI perspėja – tūkstančiams gyventojų liko paskutinė diena sumokėti šį mokestį ,Verslas
2024-12-16 13:59:37,Lrytas,https://www.lrytas.lt/pasaulis/ivykiai/2024/12/16/news/europos-sajunga-kamuoja-rimta-problema-priemones-negelbsti-ekspertai-perspeja-del-katastrofisku-padariniu-35616003,"Europos Sąjungą kamuoja rimta problema: priemonės negelbsti, ekspertai perspėja dėl katastrofiškų padarinių  (6) ",Pasaulis
2024-12-16 13:59:37,Lrytas,https://www.lrytas.lt/tevams/seimos-gidas/2024/12/16/news/kaledu-senelis-sufleruoja-top-10-geidziamiausiu-zaislu-po-eglute-35674574,Kalėdų Senelis sufleruoja: TOP 10 geidžiamiausių žaislų po eglute ,Tėvams
2024-12-16 13:59:37,Lrytas,https://www.lrytas.lt/skonis/mitybos-abc/2024/12/16/news/sis-riesutas-apsaugo-organizma-nuo-senejimo-ir-gali-pailginti-gyvenima-keleriais-metais-35673470,Šis riešutas apsaugo organizmą nuo senėjimo ir gali pailginti gyvenimą keleriais metais ,Skonis
2024-12-16 13:59:37,Lrytas,https://www.lrytas.lt/bustas/nekilnojamasis-turtas/2024/12/16/news/siu-vilniaus-gatviu-sankirtoje-iskils-naujas-kvartalas-atskleide-daugiau-detaliu-35629084,Šių Vilniaus gatvių sankirtoje iškils naujas kvartalas: atskleidė daugiau detalių ,Būstas
2024-12-16 13:59:37,Lrytas,https://www.lrytas.lt/auto/rinka/2024/12/16/news/pasienieciai-patruliuos-su-naujais-automobiliais-turinciais-silumine-matymo-iranga-bei-radara-35672056,"Pasieniečiai patruliuos naujais automobiliais, turinčiais šiluminę matymo įrangą bei radarą ",Auto
2024-12-16 13:59:37,Lrytas,https://www.lrytas.lt/sveikata/medicinos-zinios/2024/12/16/news/kurios-europos-sajungos-valstybes-ligoninese-maziausia-lovu-atsakymas-daugeli-nustebins-35403315,Kurios Europos Sąjungos valstybės ligoninėse mažiausia lovų? Atsakymas daugelį nustebins  (1) ,Sveikata
2024-12-16 13:59:37,Lrytas,https://www.lrytas.lt/it/ismanyk/2024/12/16/news/milijoniniai-nuostoliai-ir-reiksmingos-pasekmes-unikalios-operacijos-metu-ukrainieciai-sunaikino-desimtis-kuro-cisternu-35670602,Unikalios operacijos metu ukrainiečiai rusams pridarė milijoninių nuostolių ,It ir mokslas
2024-12-16 13:59:37,Lrytas,https://www.lrytas.lt/stilius/karamele/2024/12/16/news/savaites-blykstese-skandalingos-oksanos-pikul-skyrybos-ir-dailiaus-dargio-vestuves-35576969,Savaitės blykstėse – skandalingos Oksanos Pikul skyrybos ir Dailiaus Dargio vestuvės ,Stilius
2024-12-16 13:59:37,Lrytas,https://www.lrytas.lt/augintinis/pamatyk/2024/12/16/news/kaciu-pasaulio-tinginiai-10-paciu-ramiausiu-kaciu-veisliu-33092317,Kačių pasaulio „tinginiai“: 10 pačių ramiausių kačių veislių ,Augintinis
2024-12-16 13:59:37,Lrytas,https://www.lrytas.lt/gamta/gamtaorai/2024/12/16/news/laukia-itin-permaininga-savaite-po-stipraus-vejo-zada-ziemai-nebudinga-temperatura-tai-dar-ne-viskas-35669352,"Laukia itin permaininga savaitė: po stipraus vėjo žada žiemai nebūdingą temperatūrą, tai – dar ne viskas ",Gamta
2024-12-16 13:59:37,Lrytas,https://www.lrytas.lt/lietuvosdiena/nelaimes/2024/12/16/news/telsiuose-sprogimas-sunaikino-kebabine-viena-moteris-nuvezta-i-ligonine-35674996,Telšiuose sprogimas sunaikino kebabinę – viena moteris nuvežta į ligoninę ,Lietuvos diena
2024-12-16 13:59:37,Lrytas,https://www.lrytas.lt/lietuvosdiena/aktualijos/2024/12/16/news/prokuratura-tarybu-nariai-i-savivaldybiu-biudzetus-jau-grazino-per-956-tukst-euru-35673890,Prokuratūra: tarybų nariai į savivaldybių biudžetus jau grąžino per 956 tūkst. eurų  (2) ,Lietuvos diena
2024-12-16 13:59:37,Lrytas,https://www.lrytas.lt/lietuvosdiena/aktualijos/2024/12/16/news/lietuvoje-sausi-saukiama-valstybes-gynimo-taryba-ant-stalo-klausimai-del-divizijos-ir-finansu-35673337,Lietuvoje sausį šaukiama Valstybės gynimo taryba: ant stalo – klausimai dėl divizijos ir finansų ,Lietuvos diena
2024-12-16 13:59:37,Lrytas,https://www.lrytas.lt/lietuvosdiena/nelaimes/2024/12/16/news/vilniuje-nissan-x-trail-isireze-i-stulpa-vairuotojas-nuveztas-i-ligonine-35673484,Vilniuje „Nissan X-Trail“ įsirėžė į stulpą – vairuotojas nuvežtas į ligoninę ,Lietuvos diena
2024-12-16 13:59:37,Lrytas,https://www.lrytas.lt/lietuvosdiena/aktualijos/2024/12/16/news/prezidento-gambitas-kaip-tris-savo-zmones-paaukojes-g-nauseda-tapo-nugaletoju-35631923,Prezidento gambitas: kaip tris savo žmones paaukojęs G. Nausėda tapo nugalėtoju  (10) ,Lietuvos diena
2024-12-16 13:59:37,Lrytas,https://www.lrytas.lt/lietuvosdiena/aktualijos/2024/12/16/news/-cekiuku-byloje-daugiau-nuteistuju-prisijunge-sutuoktiniai-is-ukmerges-35672982,„Čekiukų“ byloje – daugiau nuteistųjų: prisijungė sutuoktiniai iš Ukmergės  (1) ,Lietuvos diena
2024-12-16 13:59:37,Lrytas,https://www.lrytas.lt/lietuvosdiena/kriminalai/2024/12/16/news/girtas-audi-vairuotojas-kelmeje-rezesi-i-pareigunu-automobili-smugis-ivyko-bandant-pasprukti-35670252,Girtas „Audi“ vairuotojas Kelmėje rėžėsi į pareigūnų automobilius: smūgis įvyko bandant pasprukti ,Lietuvos diena
2024-12-16 13:59:37,Lrytas,https://www.lrytas.lt/lietuvosdiena/nelaimes/2024/12/16/news/savaitgali-ugniagesiai-gesino-per-simta-gaisru-35672207,Savaitgalį ugniagesiai gesino per šimtą gaisrų ,Lietuvos diena
2024-12-16 13:59:37,Lrytas,https://www.lrytas.lt/lietuvosdiena/nelaimes/2024/12/16/news/ignalinos-rajone-prienuose-ir-pakruojyje-rasti-vyru-kunai-35671852,"Ignalinos rajone, Prienuose ir Pakruojyje rasti vyrų kūnai ",Lietuvos diena
2024-12-16 13:59:37,Lrytas,https://www.lrytas.lt/verslas/rinkos-pulsas/2024/12/16/news/g-ziemelis-zada-kad-avia-solutions-group-apyvarta-siemet-augs-iki-3-mlrd-jav-doleriu-35674410,"G. Žiemelis žada, kad „Avia Solutions Group“ apyvarta šiemet augs iki 3 mlrd. JAV dolerių ",Verslas
2024-12-16 13:59:37,Lrytas,https://www.lrytas.lt/verslas/mano-pinigai/2024/12/16/news/is-vilniuje-viesincios-ch-lagarde-zinia-aktuali-daugeliui-lietuviu-35671425,Paskolas turintiems lietuviams siunčia žinią: štai ko tikėtis kitąmet ,Verslas
2024-12-16 13:59:37,Lrytas,https://www.lrytas.lt/verslas/rinkos-pulsas/2024/12/16/news/g-paluckas-uzsimine-apie-mokestinius-pokycius-kaip-galima-varianta-ivardijo-dar-viena-pelno-mokescio-didinima-35674225,G. Paluckas – apie mokestinius pokyčius: kaip galimą variantą įvardijo dar vieną pelno mokesčio didinimą ,Verslas
2024-12-16 13:59:37,Lrytas,https://www.lrytas.lt/verslas/mano-pinigai/2024/12/16/news/artejant-sventems-lietuviai-atvere-pinigines-atvirai-atskleide-kiek-siems-dalykams-zada-isleisti-pinigu-35552226,"Artėjant šventėms lietuviai atvėrė pinigines: atvirai atskleidė, kiek šiems dalykams žada išleisti pinigų ",Verslas
2024-12-16 13:59:37,Lrytas,https://www.lrytas.lt/verslas/agro-naujienos/2024/12/16/news/atskleide-kokias-eglutes-dabar-lietuviai-megsta-parsinesti-namo-tendencijos-aiskios-35606607,"Atskleidė, kokias eglutes dabar lietuviai mėgsta parsinešti namo – tendencijos aiškios ",Verslas
2024-12-16 13:59:37,Lrytas,https://www.lrytas.lt/sportas/krepsinis/2024/12/16/news/teiseju-baubas-a-trinchieri-vienas-lyderiu-isskirtineje-statistineje-kategorijoje-35670944,Teisėjų baubas: A. Trinchieri – vienas lyderių išskirtinėje statistinėje kategorijoje ,Sportas
2024-12-16 13:59:37,Lrytas,https://www.lrytas.lt/sportas/krepsinis/2024/12/16/news/lkl-uzstojes-l-kleiza-ar-galiu-mieste-visus-keksemis-vadinti--35672968,LKL užstojęs L. Kleiza: „Ar galiu mieste visus kekšėmis vadinti?“  (1) ,Sportas
2024-12-16 13:59:37,Lrytas,https://www.lrytas.lt/sportas/krepsinis/2024/12/16/news/pries-nba-cempionus-antirekordinis-j-valanciuno-sezono-macas-35669899,Prieš NBA čempionus – antirekordinis J. Valančiūno sezono mačas ,Sportas
2024-12-16 13:59:37,Lrytas,https://www.lrytas.lt/sportas/startai/2024/12/16/news/del-rezultato-nesikrimtes-d-rapsys-norejau-labai-daug-taciau-isejo-atvirksciai--35672738,"Dėl rezultato nesikrimtęs D. Rapšys: „Norėjau labai daug, tačiau išėjo atvirkščiai“ ",Sportas
2024-12-16 13:59:37,Lrytas,https://www.lrytas.lt/sportas/krepsinis/2024/12/16/news/rekordiniame-l-donciciaus-ir-s-curry-musyje-sloveno-triumfas-pries-nba-legenda-35670149,Rekordu pažymėtame L. Dončičiaus ir S. Curry mūšyje – slovėno triumfas prieš NBA legendą ,Sportas
2024-12-16 13:59:37,Lrytas,https://www.lrytas.lt/sportas/krepsinis/2024/12/15/news/pavarges-a-trinchieri-prabilo-kad-bijo-kalediniu-svenciu-35668862,"Pavargęs A. Trinchieri prabilo, kad bijo kalėdinių švenčių ",Sportas
2024-12-16 13:59:37,Lrytas,https://www.lrytas.lt/pasaulis/ivykiai/2024/12/16/news/jessica-moss-lenkija-po-rumunijos-rinkimu-planuoja-uzkirsti-kelia-priesiskai-invazijai-i-televizijos-rinka-35672824,Jessica Moss. Lenkija po Rumunijos rinkimų planuoja užkirsti kelią priešiškai invazijai į televizijos rinką ,Pasaulis
2024-12-16 13:59:37,Lrytas,https://www.lrytas.lt/pasaulis/konfliktai-ir-saugumas/2024/12/16/news/popiezius-pranciskus-ir-vel-pasizymejo-per-malda-rusus-ir-ukrainiecius-vadino-broliais-35670141,Popiežius Pranciškus ir vėl pasižymėjo: per maldą rusus ir ukrainiečius vadino broliais  (6) ,Pasaulis
2024-12-16 13:59:37,Lrytas,https://www.lrytas.lt/pasaulis/ivykiai/2024/12/16/news/baltarusijoje-paleista-is-kalejimo-s-cichanouskajos-patiketine-35670562,Baltarusijoje paleista iš kalėjimo S. Cichanouskajos patikėtinė ,Pasaulis
2024-12-16 13:59:37,Lrytas,https://www.lrytas.lt/pasaulis/ivykiai/2024/12/16/news/pietu-korejos-konstitucinis-teismas-pradejo-prezidento-apkaltos-procesa-35670447,Pietų Korėjos Konstitucinis Teismas pradėjo prezidento apkaltos procesą Atsistatydina valdančiosios partijos vadovas,Pasaulis
2024-12-16 13:59:37,Lrytas,https://www.lrytas.lt/pasaulis/ivykiai/2024/12/16/news/policija-sakartvele-apsinuodije-anglies-monoksidu-mire-12-zmoniu-35672339,Policija: Sakartvele apsinuodiję anglies monoksidu mirė 12 žmonių ,Pasaulis
2024-12-16 13:59:37,Lrytas,https://www.lrytas.lt/pasaulis/ivykiai/2024/12/16/news/es-siuncia-pasiuntini-pokalbiams-su-naujaisiais-sirijos-lyderiais-35672289,ES siunčia pasiuntinį pokalbiams su naujaisiais Sirijos lyderiais ,Pasaulis
2024-12-16 13:59:37,Lrytas,https://www.lrytas.lt/pasaulis/ivykiai/2024/12/16/news/sirijos-sukileliu-lyderis-zada-isformuoti-ginkluotas-grupes-atstatyti-namus-35670449,"Sirijos sukilėlių lyderis žada išformuoti ginkluotas grupes, atstatyti namus  (2) ",Pasaulis
2024-12-16 13:59:37,Lrytas,https://www.lrytas.lt/zmones/veidai-ir-vardai/2024/12/16/news/po-skaudziu-skyrybu-sventes-g-zemaite-sutiks-ne-namuose-kaledos-simet-bus-kitokios--35672290,Po skaudžių skyrybų šventes G. Žemaitė sutiks ne namuose: „Kalėdos šįmet bus kitokios“ ,Žmonės
2024-12-16 13:59:37,Lrytas,https://www.lrytas.lt/zmones/uzsienio-zvaigzdes/2024/12/16/news/d-beckhamas-atskleide-zmonos-v-beckham-tobulos-figuros-paslapti-25-metus-valgo-ta-pati-maista-33635109,D. Beckhamas atskleidė žmonos V. Beckham tobulos figūros paslaptį: 25 metus valgo tą patį maistą ,Žmonės
2024-12-16 13:59:37,Lrytas,https://www.lrytas.lt/zmones/tv-antena/2024/12/16/news/milita-daikeryte-buvimo-salia-turtingo-vyro-kaina-man-per-brangi--35673615,Milita Daikerytė: „Buvimo šalia turtingo vyro kaina man per brangi“ ,Žmonės
2024-12-16 13:59:37,Lrytas,https://www.lrytas.lt/zmones/muzika/2024/12/16/news/nauja-marijono-mikutaviciaus-kaledine-daina-itin-linksma-ir-labai-raudona-35673204,Nauja Marijono Mikutavičiaus kalėdinė daina: itin linksma ir labai raudona ,Žmonės
2024-12-16 13:59:37,Lrytas,https://www.lrytas.lt/zmones/muzika/2024/12/16/news/50-cent-sugizta-i-baltijos-salis-surengs-sou-taline-35673014,50 Cent sugįžta į Baltijos šalis: surengs šou Taline ,Žmonės
2024-12-16 13:59:37,Lrytas,https://www.lrytas.lt/zmones/muzika/2024/12/16/news/-8-kambarys-metus-uzbaigia-nauju-kuriniu-ir-vaizdo-klipu-linkime-visiems-sustoti-ir-ikvepti--35673324,„8 Kambarys“ metus užbaigia nauju kūriniu ir vaizdo klipu: „Linkime visiems sustoti ir įkvėpti“ ,Žmonės
2024-12-16 13:59:37,Lrytas,https://www.lrytas.lt/sveikata/medicinos-zinios/2024/12/16/news/pacientai-kreipesi-i-nauja-sveikatos-ministre-ispeja-kad-tai-gali-kainuoti-zmoniu-gyvybes-35673651,"Pacientai kreipėsi į naują sveikatos ministrę: įspėja, kad tai gali kainuoti žmonių gyvybes ",Sveikata
2024-12-16 13:59:37,Lrytas,https://www.lrytas.lt/sveikata/medicinos-zinios/2024/12/16/news/tyrimas-auga-vaistus-be-gydytojo-paskyrimo-vartojanciu-jaunuoliu-skaicius-dazniausiai-medikamentus-gauna-is-tevu-35674034,"Tyrimas: auga vaistus be gydytojo paskyrimo vartojančių jaunuolių skaičius, dažniausiai medikamentus gauna iš tėvų ",Sveikata
2024-12-16 13:59:37,Lrytas,https://www.lrytas.lt/sveikata/medicinos-zinios/2024/12/16/news/uzverusi-vaistines-duris-alytiske-skuba-ginti-tevyne-35671973,Užvėrusi vaistinės duris alytiškė skuba ginti Tėvynę  (1) ,Sveikata
2024-12-16 13:59:37,Lrytas,https://www.lrytas.lt/sveikata/ligos-ir-gydymas/2024/12/16/news/kai-skausmo-nenumalsina-joks-gydymas-medikas-atsake-kokiu-metodu-griebiasi-35671400,"Kai skausmo nenumalšina joks gydymas: medikas atsakė, kokių metodų griebiasi ",Sveikata
2024-12-16 13:59:37,Lrytas,https://www.lrytas.lt/bustas/nekilnojamasis-turtas/2024/12/16/news/turintiems-nereikalingu-statybiniu-medziagu-sprendimas-ima-veikti-nauja-mainu-platforma-35671198,Turintiems nereikalingų statybinių medžiagų – sprendimas: ima veikti nauja mainų platforma ,Būstas
2024-12-16 13:59:37,Lrytas,https://www.lrytas.lt/bustas/mano-erdve/2024/12/16/news/ismanesnis-apsvietimas-namuose-su-jung-dali-2-35671739,Išmanesnis apšvietimas namuose su JUNG DALI-2 ,Būstas
2024-12-16 13:59:37,Lrytas,https://www.lrytas.lt/bustas/architektura/2024/12/16/news/r-liola-nekasdienei-architekturai-reikalingi-nestandartiniai-sprendiniai--35671312,R. Liola: „Nekasdienei architektūrai reikalingi nestandartiniai sprendiniai“ ,Būstas
2024-12-16 13:59:37,Lrytas,https://www.lrytas.lt/bustas/pasidaryk-pats/2024/12/15/news/peledu-kalno-simboliu-tapusios-peledos-aki-traukia-del-prastos-bukles-atnaujinimui-reikia-solidzios-sumos-35615950,Pelėdų kalno simboliu tapusios pelėdos akį traukia dėl prastos būklės: atnaujinimui reikia solidžios sumos ,Būstas
2024-12-16 13:59:37,Lrytas,https://www.lrytas.lt/gamta/zeme/2024/12/15/news/baiminamasi-kad-per-ciklona-chido-prancuzijos-majoto-saloje-galejo-zuti-simtai-zmoniu-35669009,"Baiminamasi, kad per cikloną „Chido“ Prancūzijos Majoto saloje galėjo žūti šimtai žmonių ",Gamta
2024-12-16 13:59:37,Lrytas,https://www.lrytas.lt/gyvenimo-budas/psichologija/2024/12/16/news/ka-dovanoti-vietoje-vokelio-su-siomis-dovanomis-niekada-neprasausite--35674411,Ką dovanoti vietoje vokelio? Su šiomis dovanomis niekada „neprašausite“  (3) ,Gyvenimo būdas
2024-12-16 13:59:37,Lrytas,https://www.lrytas.lt/gyvenimo-budas/likimai/2024/12/16/news/paskaitas-vaikams-ir-senjorams-skaitantis-marius-visuomenes-ugdymas-yra-visu-musu-atsakomybe-35674221,Paskaitas vaikams ir senjorams skaitantis Marius: visuomenės ugdymas yra visų mūsų atsakomybė ,Gyvenimo būdas
2024-12-16 13:59:37,Lrytas,https://www.lrytas.lt/it/ismanyk/2024/12/16/news/5-technologijos-be-kuriu-siandien-neissiverstu-kaledu-senelis-35674776,"5 technologijos, be kurių šiandien neišsiverstų Kalėdų Senelis ",It ir mokslas
2024-12-16 13:59:37,Lrytas,https://www.lrytas.lt/it/ismanyk/2024/12/16/news/vilnieciams-pasiekiama-unikali-pramoga-galimybe-patiems-ijungti-ir-valdyti-branduolini-reaktoriu-35673183,Vilniečiams pasiekiama unikali pramoga – galimybė patiems įjungti ir valdyti branduolinį reaktorių ,It ir mokslas
2024-12-16 13:59:37,Lrytas,https://www.lrytas.lt/it/ismanyk/2024/12/16/news/-linkedin-atsirado-vaizdo-irasu-srautas-jau-veikia-ir-lietuvoje-35672786,„LinkedIn“ atsirado vaizdo įrašų srautas: jau veikia ir Lietuvoje ,It ir mokslas
2024-12-16 13:59:37,Lrytas,https://www.lrytas.lt/auto/technika/2024/12/16/news/ekspertai-9-automobiliai-kuriuos-geriau-pirkti-jau-panaudotus-35577498,"Ekspertai: 9 automobiliai, kuriuos geriau pirkti jau panaudotus ",Auto
2024-12-16 13:59:37,Lrytas,https://www.lrytas.lt/skonis/gurmanu-klubas/2024/12/16/news/ziemos-sventes-sparciai-arteja-ar-jau-pasirupinote-vaisemis-ir-gurmaniskomis-dovanomis--35671190,Žiemos šventės sparčiai artėja: ar jau pasirūpinote vaišėmis ir gurmaniškomis dovanomis? ,Skonis
2024-12-16 13:59:37,Lrytas,https://www.lrytas.lt/english/politics/2024/12/16/news/budrys-thinks-the-eu-should-restrict-visa-free-travel-for-diplomats-and-civil-servants-in-sakartvelo-35672942,Budrys thinks the EU should restrict visa-free travel for diplomats and civil servants in Sakartvelo ,Lrytas.en
2024-12-16 13:59:39,Delfi,https://www.delfi.lt/sveikata/odontologija/skeldejancios-lupos-gali-buti-signalas-kad-truksta-dvieju-vitaminu-patare-kas-pades-atgaivinti-120072530,"Skeldėjančios lūpos gali būti signalas, kad trūksta dviejų vitaminų: patarė, kas padės atgaivinti  ",Sveikata
2024-12-16 13:59:39,Delfi,https://www.delfi.lt//news/daily/crime/telsiuose-per-sprogima-kebabineje-suzalota-moteris-120072527,Telšiuose per sprogimą kebabinėje sužalota moteris  ,Kriminalai ir nelaimės
2024-12-16 13:59:39,Delfi,https://www.delfi.lt/projektai/elta/uzimtumo-tarnyba-investiciju-pletra-regionuose-sparciai-didina-specialistu-paklausa-120072528,Užimtumo tarnyba: investicijų plėtra regionuose sparčiai didina specialistų paklausą  ,ELTA
2024-12-16 13:59:39,Delfi,https://www.delfi.lt/krepsinis/eurolyga/pries-kelione-i-berlyna-andrea-trinchieri-dar-neturejo-geru-ziniu-del-kertinio-gynejo-120072514,Prieš kelionę į Berlyną Andrea Trinchieri dar neturėjo gerų žinių dėl kertinio gynėjo  ,Krepšinis
2024-12-16 13:59:39,Delfi,https://www.delfi.lt//news/daily/world/kerces-sasiauryje-esantis-turkijos-laivas-pasiunte-nelaimes-signala-120072526,Kerčės sąsiauryje esantis Turkijos laivas pasiuntė nelaimės signalą  ,Užsienyje
2024-12-16 13:59:39,Delfi,https://www.delfi.lt/veidai/zmones/influencerio-prakeiksmas-klaipedai-issipilde-perziuros-kyla-zaibiskai-120072525,Influencerio prakeiksmas Klaipėdai išsipildė: peržiūros kyla žaibiškai  ,Veidai
2024-12-16 13:59:39,Delfi,https://www.delfi.lt//news/daily/world/olafas-scholzas-politiskai-izoliuotas-120072520,Olafas Scholzas – politiškai izoliuotas?  ,Užsienyje
2024-12-16 13:59:39,Delfi,https://www.delfi.lt/sveikata/sveikatos-naujienos/istyre-kokias-psichoaktyvias-medziagas-vartoja-lietuvos-paaugliai-dvi-tendencijos-kelia-ypatinga-nerima-120072518,"Ištyrė, kokias psichoaktyvias medžiagas vartoja Lietuvos paaugliai: dvi tendencijos kelia ypatingą nerimą  ",Sveikata
2024-12-16 13:59:39,Delfi,https://www.delfi.lt//news/daily/world/ukrainos-zvalgyba-siaures-korejos-pajegos-apsaude-kadyrovcus-120072433,Ukrainos žvalgyba: Šiaurės Korėjos pajėgos apšaudė „kadyrovcus“ (1) ,Užsienyje
2024-12-16 13:59:39,Delfi,https://www.delfi.lt//news/ringas/politics/raimundas-lopata-kaip-sprendzia-antisemitizmo-problema-socialdemokratai-ir-demokratai-120072504,Raimundas Lopata. Kaip sprendžia antisemitizmo problemą socialdemokratai ir demokratai? (1) ,Politiko akimis
2024-12-16 13:59:39,Delfi,https://www.delfi.lt/video/sportas/tiesiogiai-lietuvos-plaukimo-rinktines-sugriztuves-120072511,Tiesiogiai: Lietuvos plaukimo rinktinės sugrįžtuvės  ,Video
2024-12-16 13:59:39,Delfi,https://www.delfi.lt/auto/autonaujienos/pasienieciams-nauji-kontrabandininku-siaubu-praminti-automobiliai-vieno-kaina-virs-milijono-euru-120072508,"Pasieniečiams – nauji kontrabandininkų siaubu praminti automobiliai, vieno kaina – virš milijono eurų (4) ",Auto
2024-12-16 13:59:39,Delfi,https://www.delfi.lt//news/daily/crime/stiprus-vejas-jau-pasieke-vilniu-pranesama-apie-medziais-uzverstus-kelius-120072502,"Stiprus vėjas jau pasiekė Vilnių, pranešama apie medžiais užverstus kelius   ",Kriminalai ir nelaimės
2024-12-16 13:59:39,Delfi,https://www.delfi.lt/uzsakomasis-turinys/3-zingsniai-iki-gydytojo/eile-pas-norima-specialista-per-ilga-internetu-galima-gauti-vizita-ir-pas-kita-gydytoja-gretimoje-istaigoje-120072461,Eilė pas norimą specialistą – per ilga? Internetu galima gauti vizitą ir pas kitą gydytoją gretimoje įstaigoje   ,Užsakomasis turinys
2024-12-16 13:59:39,Delfi,https://www.delfi.lt/verslo-poziuris/nuomones/vytenis-simkus-rizikos-ir-galimybes-investuotojams-2025-aisiais-120072490,Vytenis Šimkus. Rizikos ir galimybės investuotojams 2025-aisiais  ,Verslo požiūris x Karjera
2024-12-16 13:59:39,Delfi,https://www.delfi.lt/sveikata/sveikatos-naujienos/inkstu-ligomis-sergantys-praso-kuo-skubiau-atsaukti-ju-gyvybems-gresme-kelianti-buvusio-ministro-isakyma-120072507,Inkstų ligomis sergantys prašo kuo skubiau atšaukti jų gyvybėms grėsmę keliantį buvusio ministro įsakymą  ,Sveikata
2024-12-16 13:59:39,Delfi,https://www.delfi.lt/verslas/transportas/blogas-oras-keliems-skrydziams-sumaise-kortas-vietoje-vilniaus-teko-leistis-kaune-120072499,Blogas oras keliems skrydžiams sumaišė kortas: vietoje Vilniaus teko leistis Kaune  ,Verslas
2024-12-16 13:59:39,Delfi,https://www.delfi.lt/verslas/verslas/ziemelis-tikisi-kad-jo-imone-pateks-i-25-didziausiu-pasaulyje-aviacijos-kompaniju-sarasa-120072500,"Žiemelis tikisi, kad jo įmonė pateks į 25 didžiausių pasaulyje aviacijos kompanijų sąrašą (1) ",Verslas
2024-12-16 13:59:39,Delfi,https://www.delfi.lt/projektai/kiekvienas-gali/klaipedieciu-verslo-ideja-kilo-vaiksciojant-lietuvisku-pajuriu-sako-kad-ateiciai-turi-dideliu-tikslu-120072336,"Klaipėdiečių verslo idėja kilo vaikščiojant lietuvišku pajūriu – sako, kad ateičiai turi didelių tikslų  ",Verslo akademija
2024-12-16 13:59:39,Delfi,https://www.delfi.lt/video/aktualijos/uzfiksuota-kaip-neatlaikiusi-stipraus-vejo-krenta-alytaus-miesto-egle-120072498,"Užfiksuota, kaip neatlaikiusi stipraus vėjo krenta Alytaus miesto eglė  ",Video
2024-12-16 13:59:39,Delfi,https://www.delfi.lt/verslas/verslas/bitkoino-kursas-pasieke-nauja-rekorda-120072495,Bitkoino kursas pasiekė naują rekordą  ,Verslas
2024-12-16 13:59:39,Delfi,https://www.delfi.lt/veidai/muzika/istorini-sou-surengusi-ieva-dudaite-paverge-pajurio-publika-taip-ilgai-to-laukiau-120072494,Istorinį šou surengusi Ieva Dūdaitė pavergė pajūrio publiką: taip ilgai to laukiau  ,Veidai
2024-12-16 13:59:39,Delfi,https://www.delfi.lt/veidai/eteris/milita-daikeryte-atvira-buvimo-salia-turtingo-vyro-kaina-man-per-brangi-120072493,Milita Daikerytė – atvira: buvimo šalia turtingo vyro kaina man per brangi (2)   37 ,Veidai
2024-12-16 13:59:39,Delfi,https://www.delfi.lt/video/laidos/zinios-rusu-kalba/delfiru-kaip-zinia-apie-naujaji-prezidenta-buvo-priimta-gruzijoje-120072492,Delfi.ru: kaip žinia apie naująjį prezidentą buvo priimta Gruzijoje?  ,Video
2024-12-16 13:59:39,Delfi,https://www.delfi.lt//news/daily/lithuania/izraelio-zurnalistas-lietuvos-antisemitinei-vyriausybei-pasiseke-kad-izraelis-uzsiemes-kitais-reikalais-120072463,"Izraelio žurnalistas: Lietuvos antisemitinei Vyriausybei pasisekė, kad Izraelis užsiėmęs kitais reikalais (5) ",Lietuvoje
2024-12-16 13:59:39,Delfi,https://www.delfi.lt//news/daily/politics/ivardijo-kada-isaugs-tikimybe-kad-rusija-pultu-baltijos-salis-ir-nato-120072054,"Įvardijo, kada išaugs tikimybė, kad Rusija pultų Baltijos šalis ir NATO (25)   29 ",Politika
2024-12-16 13:59:39,Delfi,https://www.delfi.lt/video/aktualijos/elta-kampas-sarunas-birutis-pasijuto-puolamas-man-atrodo-kad-tai-yra-organizuota-kremliaus-120072485,"ELTA kampas. Šarūnas Birutis pasijuto puolamas: man atrodo, kad tai yra organizuota Kremliaus (3) ",Video
2024-12-16 13:59:39,Delfi,https://www.delfi.lt//news/daily/lithuania/paluckas-dar-neapsisprende-ar-sieks-lsdp-pirmininko-posto-premjero-pareigos-yra-zveriskai-sunkios-120072484,"Paluckas dar neapsisprendė, ar sieks LSDP pirmininko posto: premjero pareigos yra žvėriškai sunkios (1) ",Lietuvoje
2024-12-16 13:59:39,Delfi,https://www.delfi.lt/veidai/uzsienio-zvaigzdes/koketiskas-irasas-kaitina-kalbas-kad-megan-fox-busimo-vaiko-teva-paliko-del-seksualaus-italo-120072482,"Koketiškas įrašas kaitina kalbas, kad Megan Fox būsimo vaiko tėvą paliko dėl seksualaus italo  ",Veidai
2024-12-16 13:59:39,Delfi,https://www.delfi.lt/letena/mano-letena/skvernelis-pasidalijo-jaukia-akimirka-prie-kaledu-eglutes-nuotraukoje-isskirtines-kojines-ir-augintine-bite-120072445,Skvernelis pasidalijo jaukia akimirka prie Kalėdų eglutės: nuotraukoje – išskirtinės kojinės ir augintinė Bitė (2)   44 ,Letena
2024-12-16 13:59:39,Delfi,https://www.delfi.lt/video/laidos/kasdienybes-herojai/kasdienybes-herojai-bite-group-generalinis-direktorius-kuisys-kaip-uzsidirbti-visam-gyvenimui-ir-buvusio-grybauskaites-patarejo-melomanija-120072411,Kasdienybės herojai. „Bitė group“ generalinis direktorius Kuisys – kaip užsidirbti visam gyvenimui ir buvusio Grybauskaitės patarėjo melomanija  ,Video
2024-12-16 13:59:39,Delfi,https://www.delfi.lt/video/aktualijos/elta-kampas-hofmanas-apie-nauja-zemes-ukio-politikos-krypti-aplinkosauginiai-tikslai-neturetu-zudyti-musu-ukiu-120072483,ELTA kampas. Hofmanas apie naują žemės ūkio politikos kryptį: aplinkosauginiai tikslai neturėtų žudyti mūsų ūkių  (1) ,Video
2024-12-16 13:59:39,Delfi,https://www.delfi.lt//news/daily/world/is-sakartvelo-vyriausybes-priekaistai-lietuvai-120072479,Iš Sakartvelo vyriausybės – priekaištai Lietuvai (32) ,Užsienyje
2024-12-16 13:59:39,Delfi,https://www.delfi.lt/seima/idomu/skyrybu-teisininke-patare-ka-butina-zinoti-dalijantis-versla-nedarykite-siu-klaidu-120072455,"Skyrybų teisininkė patarė, ką būtina žinoti dalijantis verslą: nedarykite šių klaidų  ",Šeima
2024-12-16 13:59:39,Delfi,https://www.delfi.lt//news/daily/crime/kaune-i-avarija-pateko-policijos-ekipazas-kaltininkui-nustatytas-vidutinis-girtumas-120072467,"Kaune į avariją pateko policijos ekipažas, kaltininkui nustatytas vidutinis girtumas  ",Kriminalai ir nelaimės
2024-12-16 13:59:39,Delfi,https://www.delfi.lt//news/daily/lithuania/budrys-lietuva-ragins-nesustoti-ties-15-uoju-sankciju-rusijai-paketu-120072475,Budrys: Lietuva ragins nesustoti ties 15-uoju sankcijų Rusijai paketu (2) ,Lietuvoje
2024-12-16 13:59:39,Delfi,https://www.delfi.lt/video/laidos/delfi-diena/delfi-diena-kiek-lietuviai-isleis-sventems-bei-kokias-pinkles-spendzia-finansiniai-sukciai-120072476,Delfi diena. Kiek lietuviai išleis šventėms bei kokias pinkles spendžia finansiniai sukčiai?  ,Video
2024-12-16 13:59:39,Delfi,https://www.delfi.lt//news/daily/world/skelbiama-kad-is-sirijos-isskraidinta-simtai-rusijos-kariu-120072453,"Skelbiama, kad iš Sirijos išskraidinta šimtai Rusijos karių (2) ",Užsienyje
2024-12-16 13:59:39,Delfi,https://www.delfi.lt/video/uzsienis/paviesintos-nuotraukos-is-asmeninio-sirijos-tirono-basharo-al-assado-gyvenimo-120072471,Paviešintos nuotraukos iš asmeninio Sirijos tirono Basharo al Assado gyvenimo  ,Video
2024-12-16 13:59:39,Delfi,https://www.delfi.lt/m360/naujausi-straipsniai/kurybine-agentura-autoriai-i-lietuva-parveze-prestizini-epica-apdovanojima-120072466, Kūrybinė agentūra „autoriai“ į Lietuvą parvežė prestižinį „Epica“ apdovanojimą    25 ,M360
